Word,Number of reported results,Number in hard mode,t1,t2,t3,t4,t5,t6,t7,mu,sigma,vowel,overlap,freq,initentropy,ratio,difficulty,mu_zscore,score_zscore,y1,y2,y3
manly,20380,1899,0,2,17,37,29,12,2,4.34,1.066711111,1,0,1260481,3.252854779,0.093179588,2,0.356369481,-0.682098322,0.2851007,-1.388943094,0.322563208
molar,21204,1973,0,4,21,38,26,9,1,4.14,1.0596,2,0,650262,3.573497852,0.093048481,2,-0.141834074,-0.824775064,1.255437956,-0.101674904,-0.459306279
havoc,20001,1919,0,2,16,38,30,12,2,4.4,1.050505051,2,0,1692191,2.912873417,0.095945203,2,0.505830547,-0.688213973,0.070134402,-0.121530246,-0.287414384
impel,20160,1937,0,3,21,40,25,9,1,4.15,1.005328283,2,0,86447,3.219457962,0.096081349,2,-0.116923896,-0.905848191,0.618072863,-0.119610533,-0.382034732
condo,20879,2012,0,2,17,35,29,14,3,4.45,1.179292929,2,1,6444848,2.750718906,0.096364768,2,0.630381436,-0.378124718,-1.527091473,0.745395892,-0.38036546
judge,20011,2043,0,2,8,16,26,33,14,5.18,1.514420202,2,0,30905832,2.611434594,0.102093848,4,2.44882441,2.585359938,-0.415890957,0.056220998,0.171264038
extra,15554,1562,1,5,20,35,28,10,1,4.18,1.24,2,0,59377307,3.157973401,0.100424328,2,-0.042193363,-0.327703439,0.620675027,0.263327978,0.41717801
poise,20281,1911,2,11,34,32,15,6,1,3.72,1.353519192,3,0,339263,3.683161327,0.094226123,1,-1.188061539,0.48728483,1.847168071,1.179034217,-1.186723406
aorta,21937,2112,0,7,26,35,20,10,3,4.13,1.417847475,3,1,641057,3.306795157,0.096275699,2,-0.166744252,-0.078234711,-0.14353499,2.008393368,-1.287298584
excel,20490,2034,0,1,13,34,34,15,2,4.51,0.996463636,2,1,14133468,2.613530793,0.099267936,2,0.779842502,-0.660456639,-1.758982579,0.789845568,-0.245801757
lunar,22180,2036,0,5,32,40,17,4,0,3.75,0.83459596,2,0,3611744,3.568170934,0.091794409,2,-1.113331005,-1.05080997,1.251513631,-0.082638678,-0.418847012
third,24137,2261,1,10,47,32,9,2,0,3.47,0.817685859,1,0,95489240,3.359729119,0.093673613,1,-1.810815982,-0.158520637,0.656929651,-0.7721066,1.543758357
slate,26010,2422,6,14,33,27,13,5,1,3.43,1.583283838,2,0,3813904,4.058914193,0.093118032,1,-1.910456693,2.132293875,2.133875622,-0.06154375,-0.533620654
taper,22166,2108,0,8,28,30,20,11,3,4.07,1.52030303,2,0,1294069,3.819007246,0.095100605,2,-0.316205318,0.071955979,1.697901855,-0.087593922,-0.509545063
chord,22336,2088,0,7,39,38,13,3,0,3.66,0.812525253,1,0,3123447,3.241334208,0.093481375,1,-1.337522605,-0.836827188,0.267949446,-1.377297361,0.349969945
probe,22853,2160,0,6,24,32,24,11,3,4.19,1.407979798,2,0,9643801,3.459810652,0.094517131,2,-0.017283185,-0.122412934,1.068272566,-0.047795407,-0.313101164
rival,22176,2127,0,7,27,35,22,8,1,4,1.191919192,2,0,4298220,3.289926638,0.095914502,2,-0.490576562,-0.559649018,0.752755389,-0.089391705,-0.343172424
usual,20824,2048,0,3,20,39,27,10,1,4.24,1.032727273,3,1,17044981,2.817575139,0.09834806,2,0.107267704,-0.860339958,-0.991481454,2.095306731,-0.953168682
spoke,24101,2224,0,6,31,38,19,5,0,3.82,0.930985859,2,0,11577917,3.237949418,0.092278329,2,-0.938959761,-0.930873337,0.673227415,-0.044165544,-0.234412655
apply,22873,2150,0,5,28,38,22,7,1,4.05,1.082348485,1,1,76341478,2.651893576,0.093997289,2,-0.366025673,-0.730199839,-1.966600804,-0.082538981,1.265169235
naive,21947,2075,1,7,24,32,24,11,1,4.08,1.387474747,3,0,1848489,3.448824938,0.094545952,2,-0.29129514,-0.088355369,1.428891726,1.179399261,-1.110671112
knock,21157,2041,0,3,18,43,27,8,1,4.22,0.941010101,1,1,5196013,2.368567685,0.096469254,2,0.057447348,-0.986343783,-2.611519097,-0.556436232,0.391626851
braid,23640,2165,0,10,36,35,14,3,0,3.56,0.901947475,2,0,981945,3.400396973,0.091582064,1,-1.586624382,-0.671490287,0.944969345,-0.10649614,-0.413489819
infer,21199,1863,0,3,19,33,26,14,3,4.3,1.272929293,2,0,1104540,3.306797672,0.087881504,2,0.25672877,-0.298109745,0.776984148,-0.109472003,-0.389466811
joust,24899,2388,0,6,29,34,21,8,2,4.02,1.252121212,2,0,160309,2.948994926,0.095907466,2,-0.440756207,-0.395923719,0.13213067,-0.130032177,-0.316328123
amber,23509,2261,0,6,22,33,24,12,3,4.23,1.411212121,2,0,11065507,3.370348625,0.096175933,2,0.082357526,-0.11347929,0.910201181,-0.04215971,-0.272879336
woken,23153,2200,0,2,10,25,36,23,4,4.8,1.191919192,2,0,364304,2.991632948,0.095020084,3,1.502237657,0.155794405,0.209149957,-0.126987473,-0.323833457
adore,25577,2398,2,17,32,29,15,5,1,3.6,1.444040404,3,0,1176240,3.767655024,0.093756109,1,-1.486983671,0.852830558,2.00061893,1.187880696,-1.195870764
torso,23873,2260,0,4,35,36,17,6,1,3.85,1.009368687,2,1,1769562,3.22230541,0.094667616,2,-0.864229228,-0.767196496,-0.688462755,0.734013096,-0.555089526
chafe,24646,2343,0,6,30,33,19,9,2,3.97,1.284334343,2,0,118832,3.330665968,0.095066136,2,-0.565307095,-0.35147364,0.818000515,-0.114917462,-0.408221399
eject,22628,2200,0,2,11,35,36,14,2,4.55,0.997474747,2,1,935010,2.599565197,0.097224677,2,0.879483213,-0.648501075,-1.809259407,0.703486829,-0.417092743
undue,23739,2316,0,3,19,35,29,13,2,4.4,1.185454545,3,1,1377567,2.747275081,0.097560976,2,0.505830547,-0.516120498,-1.14771382,1.990627966,-1.143644874
tepid,26051,2484,0,10,38,35,13,3,0,3.57,0.886516162,2,0,220695,3.367484337,0.095351426,1,-1.561714205,-0.636827124,0.884365746,-0.112771239,-0.415685273
happy,25206,2356,0,6,28,39,19,6,1,3.9,1.048383838,1,1,63471922,2.484327897,0.093469809,2,-0.739678339,-0.731209535,-2.292304216,-0.172950998,1.13499083
itchy,24197,2329,0,8,28,40,18,5,1,3.87,1.063737374,1,0,1181967,2.861315967,0.096251601,2,-0.814408873,-0.628714242,-0.418732651,-1.405235552,0.415230473
feast,27705,2725,5,13,25,27,19,10,2,3.83,1.967463636,2,0,4166016,3.661933687,0.098357697,1,-0.914049583,2.020590251,1.421083786,-0.075256291,-0.433953279
drive,26663,2451,1,12,32,30,18,6,1,3.74,1.345858586,2,0,107799371,3.348463494,0.09192514,1,-1.138241183,0.163204529,1.055399076,0.585771059,1.012277437
prime,27437,2534,1,10,26,32,21,9,1,3.93,1.419292929,2,0,38308402,3.521667328,0.092357036,1,-0.664947806,0.061082846,1.234123826,0.141030489,0.051366018
axiom,24288,2382,0,5,19,33,27,13,3,4.33,1.354646465,3,0,1495473,2.753608441,0.098073123,2,0.331459303,-0.177062619,0.178757422,1.149081829,-0.948957373
brave,24991,2396,1,6,17,27,27,18,5,4.5,1.75,2,0,5221356,3.393143618,0.095874515,3,0.754932325,0.886119249,0.940020569,-0.07923046,-0.355660784
avert,24749,2400,0,7,26,35,22,9,1,4.03,1.221313131,2,0,767435,3.525821875,0.096973615,2,-0.415846029,-0.532692617,1.169976988,-0.102834944,-0.446345737
glyph,29208,2899,0,2,23,49,20,5,1,4.06,0.804444444,0,0,632257,2.722954887,0.099253629,2,-0.341115496,-1.152108964,-1.063680732,-2.692696401,1.138127397
there,27465,2530,0,14,35,33,14,4,0,3.59,1.052424242,2,1,701170205,3.389348314,0.09211724,1,-1.511893849,-0.336295533,0.945934159,5.287159832,8.658943129
baker,25576,2541,0,5,16,23,24,22,10,4.72,1.88040404,2,0,14862470,3.326162011,0.099350954,3,1.302956235,1.615017733,0.838030989,-0.019258837,-0.212065327
snarl,27475,2650,0,5,21,31,24,15,4,4.35,1.502525253,1,0,184639,3.732453756,0.096451319,3,0.381279659,0.137759938,1.144995973,-1.376604947,0.193547018
maple,26536,2467,1,6,26,36,21,8,1,3.95,1.223712121,2,0,9704551,3.53866317,0.092968043,2,-0.615127451,-0.286872287,1.210104217,-0.044222131,-0.331168958
inane,25085,2515,0,8,25,30,21,13,3,4.15,1.563131313,3,1,319343,3.270438328,0.100259119,2,-0.116923896,0.114490751,-0.209490118,2.00483662,-1.282854094
valet,24660,2356,0,4,22,38,25,9,1,4.12,1.066521212,2,0,2052690,3.571094079,0.095539335,2,-0.191654429,-0.813397036,1.253793116,-0.092655393,-0.440174982
medal,25993,2438,0,5,25,38,23,8,1,4.07,1.096060606,2,0,7747036,3.44187763,0.093794483,2,-0.316205318,-0.737906601,1.032424595,-0.06084806,-0.333906045
unite,27467,2575,1,11,31,33,18,5,1,3.75,1.26010101,3,0,2888724,3.580864274,0.093748862,1,-1.113331005,0.025774217,1.668180564,1.191483469,-1.128508084
rainy,28984,2678,1,16,38,31,11,3,1,3.51,1.164748485,2,0,2469088,3.581956315,0.092395805,1,-1.711175271,0.39286648,1.27410933,-0.089510789,-0.437265111
spell,27213,2531,0,4,24,37,24,9,1,4.09,1.085473737,1,1,8506049,3.034647106,0.093007019,2,-0.266384962,-0.783996251,-1.408109854,-0.508071314,0.276011774
begin,26096,2439,0,6,26,36,23,7,1,3.98,1.112319192,2,0,45434902,3.14814095,0.0934626,2,-0.540396917,-0.695696981,0.576407235,0.172299853,0.235054428
stale,31068,3013,2,19,30,27,15,6,2,3.63,1.661483838,2,0,1065657,3.977675468,0.096980816,1,-1.412253138,1.219373915,1.982628725,-0.082683129,-0.550540973
dream,29743,2751,5,14,31,29,15,4,1,3.48,1.503531313,2,0,33518573,3.511251118,0.092492351,1,-1.785905804,1.687423668,1.206266425,0.109474627,-0.00951697
photo,27330,2565,0,5,34,43,15,3,0,3.77,0.764747475,2,1,227125249,2.71925651,0.093852909,2,-1.06351065,-1.062508313,-1.162664525,2.178647948,2.547062715
aloud,29554,2819,1,18,31,30,15,4,1,3.56,1.33979798,3,0,3743858,3.361884949,0.095384719,1,-1.586624382,0.481859674,1.276256576,1.188215635,-1.064785678
inept,27670,2640,0,6,30,39,20,6,1,4.01,1.082325253,2,0,458533,3.382051151,0.095410192,2,-0.465666384,-0.672732161,0.910999298,-0.11063803,-0.416024599
piney,27502,3667,0,1,14,37,33,14,2,4.55,1.004570707,2,0,394672,3.357828262,0.133335757,2,0.879483213,-0.68353301,0.86734348,-0.112029527,-0.411072356
aptly,26498,2572,0,3,26,41,23,7,1,4.12,0.98519596,1,0,598371,3.27527848,0.097063929,2,-0.191654429,-0.908457423,0.324138101,-1.392343252,0.308435988
waltz,24672,2496,0,2,11,29,35,19,3,4.63,1.130031313,1,0,1723021,2.766673224,0.101167315,3,1.078764635,-0.226759485,-0.587794893,-1.405533306,0.445039982
libel,25156,2536,0,3,15,32,32,16,2,4.49,1.181717172,2,1,866830,3.022944083,0.10081094,2,0.730022147,-0.438602248,-1.048482095,0.720109115,-0.519321181
sneak,27905,2636,0,7,28,36,21,7,1,3.96,1.14989899,2,0,2280877,3.398102816,0.094463358,2,-0.590217273,-0.593250146,0.943324082,-0.09814498,-0.395754148
carry,27609,2615,0,4,22,35,24,12,3,4.27,1.31020202,1,1,33056477,3.075893416,0.094715491,2,0.181998237,-0.262336089,-1.287148306,-0.346820121,0.59097555
flout,30063,2904,0,6,28,37,21,7,1,3.98,1.110707071,2,0,72396,3.203892463,0.096597146,2,-0.540396917,-0.667678545,0.590071344,-0.120329282,-0.378495389
foggy,28953,2817,0,2,13,35,32,15,3,4.54,1.11959596,1,1,704386,2.194586229,0.097295617,3,0.854573036,-0.385302403,-2.932771292,-0.59264661,0.373835182
fault,28947,2768,0,7,27,35,22,8,1,4,1.191919192,2,0,13112664,3.35038575,0.095623035,2,-0.490576562,-0.559649018,0.878228567,-0.029656944,-0.241015026
mummy,29279,3021,0,1,4,14,27,37,18,5.53,1.267584848,1,3,1878933,1.718734378,0.103179753,4,3.320680631,3.470938277,-5.100607692,0.238375769,0.308617386
spiel,29084,2810,0,7,32,36,19,6,1,3.92,1.118448485,2,0,811922,3.653878922,0.096616696,2,-0.689857984,-0.574165355,1.400209256,-0.097384056,-0.476404722
grove,28637,2794,0,4,18,30,28,17,3,4.45,1.381313131,2,0,15189493,3.263932001,0.097566086,3,0.630381436,-0.08295242,0.726813454,-0.0196414,-0.192845004
denim,28741,2769,0,5,29,40,20,5,0,3.87,0.892253535,2,0,4737554,3.243382074,0.096343203,2,-0.814408873,-1.034702521,0.669942383,-0.088411951,-0.326220038
quirk,28322,2794,0,3,23,39,24,9,2,4.19,1.104949495,2,0,444069,2.577590099,0.098651225,2,-0.017283185,-0.662432115,-0.534826291,-0.143158136,-0.223686107
exist,28612,2805,0,5,24,38,23,8,1,4.04,1.086044444,2,0,25349128,3.131156903,0.098035789,2,-0.390935851,-0.761191736,0.507567262,0.041048845,-0.026642607
stein,31269,2965,1,12,34,32,16,5,1,3.72,1.272711111,2,0,3893544,3.656975615,0.094822348,1,-1.188061539,0.146243808,1.411653243,-0.077227329,-0.436371846
spade,30459,2854,1,8,29,36,19,6,1,3.86,1.212525253,2,0,1567565,3.566234499,0.093699728,1,-0.83931905,-0.181932609,1.244133927,-0.096004799,-0.445430805
catch,30403,3123,0,7,18,20,15,16,23,4.8,2.635959596,1,1,20400979,2.85018539,0.102720126,4,1.502237657,4.17876805,-1.716938292,-0.438184259,0.477544498
floor,28906,2752,0,3,23,44,24,6,0,4.07,0.833434343,2,1,53759851,2.878676544,0.095205148,2,-0.316205318,-1.214875411,-1.206864193,1.058122039,0.215051815
equal,27197,2677,0,5,23,35,25,11,2,4.24,1.274925253,3,0,34832354,2.970910794,0.098429974,2,0.107267704,-0.411709897,0.632892518,1.374545291,-0.559872113
ionic,29151,2947,0,2,13,25,28,21,11,4.86,1.596363636,3,1,1808092,2.761569414,0.101094302,3,1.651698723,1.528016933,-1.121202406,1.994002743,-1.14136948
valid,28575,2752,0,4,28,38,21,8,1,4.04,1.069090909,2,0,57094711,3.10779195,0.096307962,2,-0.390935851,-0.771556188,0.526133338,0.246467389,0.398986011
enjoy,26878,2654,0,3,12,29,33,20,3,4.64,1.242828283,2,0,50141455,2.706248261,0.098742466,3,1.103674813,-0.097356249,-0.208795354,0.185082792,0.403085643
howdy,28408,2668,0,2,13,32,32,17,4,4.61,1.21,1,0,726642,2.617042371,0.093917206,3,1.02894428,-0.086591177,-0.858615994,-1.418041506,0.467667367
vigor,26905,2642,0,2,15,35,31,14,2,4.42,1.079026263,2,0,977544,3.01328983,0.098197361,2,0.555650903,-0.614896066,0.249242083,-0.122128199,-0.320902561
dandy,29026,2840,0,2,11,23,29,24,11,4.95,1.542929293,1,1,1098188,2.705348202,0.097843313,3,1.875890323,1.633553618,-2.014065578,-0.569499013,0.256806188
sloth,32522,2987,1,10,38,34,13,3,0,3.54,0.952610101,1,0,519428,3.494382794,0.09184552,1,-1.636444738,-0.259692132,0.717767392,-1.384024795,0.254953719
march,30935,2885,0,9,30,35,19,6,1,3.86,1.172121212,1,0,158281269,3.285069285,0.093260061,2,-0.83931905,-0.466616446,0.642531741,-0.366940009,2.392449479
bough,32014,3060,0,3,17,35,28,13,3,4.36,1.212428283,2,0,520067,2.797176005,0.095583182,2,0.406189836,-0.36058258,-0.140035904,-0.133813083,-0.275233556
sting,32288,2969,1,10,30,33,18,8,2,3.95,1.474292929,1,0,2773263,3.207413063,0.091953667,1,-0.615127451,0.287538201,0.206317481,-1.380940999,0.353454812
twine,30088,2775,0,6,28,40,20,5,1,3.93,1.015252525,2,0,415457,3.455387951,0.09222946,2,-0.664947806,-0.764281586,1.0427199,-0.107961995,-0.434146085
leave,28202,2696,0,4,16,34,31,12,1,4.26,1.100452525,3,1,70957750,3.184901997,0.095596057,2,0.157088059,-0.751990116,-0.228467725,2.460569732,-0.327741795
scorn,31223,2859,0,8,31,35,20,6,1,3.92,1.158852525,1,0,622924,3.47749024,0.091567114,2,-0.689857984,-0.511114984,0.687605091,-1.384032928,0.260365967
scald,30477,2829,0,4,23,36,24,11,2,4.21,1.218080808,1,0,101839,3.402227815,0.092824097,2,0.03253717,-0.498045403,0.551347507,-1.390453876,0.271483701
usurp,31355,3007,0,3,21,38,26,9,1,4.12,1.016274747,2,1,171456,2.568004925,0.09590177,2,-0.191654429,-0.904465842,-1.867436899,0.697251264,-0.419642339
soggy,30985,2888,0,2,18,38,28,11,2,4.3,1.055656566,1,1,331525,2.576749037,0.09320639,2,0.25672877,-0.71569945,-2.246649783,-0.579666216,0.277439557
brisk,31706,2884,0,5,23,38,24,7,1,4,1.050505051,1,0,774000,3.068819017,0.090960701,2,-0.490576562,-0.822811299,-0.046581099,-1.399523519,0.360171279
admit,28994,2677,0,10,25,34,22,8,1,3.96,1.291313131,2,0,8780656,3.198150091,0.092329447,2,-0.590217273,-0.372409332,0.596362965,-0.063953202,-0.261899094
grate,32777,3077,1,14,29,28,16,8,3,3.77,1.671687879,2,0,672155,3.884454434,0.093876804,1,-1.06351065,0.746905366,1.814338848,-0.088998604,-0.533437151
glory,31509,2893,0,6,30,39,19,5,0,3.83,0.923647475,1,0,13158826,3.277932753,0.091815037,2,-0.914049583,-0.948896093,0.352868869,-1.310587749,0.473992451
saint,34455,3119,1,14,35,29,15,5,1,3.62,1.308686869,2,0,38929141,3.816971175,0.090523872,1,-1.437163316,0.301216257,1.766035588,0.156968626,-0.011095182
recap,31976,2900,0,5,30,35,21,8,1,4,1.131313131,2,0,2861982,3.555334995,0.09069302,2,-0.490576562,-0.661082276,1.227014301,-0.088029851,-0.425695374
alike,31277,2843,0,6,20,33,27,12,2,4.25,1.320707071,3,0,6220739,3.589669815,0.090897465,2,0.132177881,-0.338343533,1.690362289,1.213497973,-1.086528457
trice,35050,3430,0,5,24,25,18,17,11,4.51,2.05040404,2,0,354532,3.905355201,0.0978602,3,0.779842502,1.703188547,1.851296341,-0.090220829,-0.542641864
stick,33102,3038,1,9,36,35,14,4,0,3.61,0.997554545,1,0,22399126,3.070982972,0.091776932,1,-1.462073494,-0.318542159,-0.001439694,-1.258863409,0.645782871
chute,33418,3073,0,11,37,36,12,3,0,3.55,0.890378788,2,0,834005,3.414290453,0.091956431,1,-1.61153456,-0.587066208,0.969656851,-0.106897799,-0.41877236
parer,37309,4130,0,0,4,11,15,22,48,5.99,1.444343434,2,1,38034,3.344389736,0.110697151,4,4.466548807,8.899410817,-0.472352757,0.727678353,-0.607218138
doubt,33344,3011,1,12,32,34,16,4,0,3.61,1.098564646,2,0,20311261,3.075763213,0.090301104,1,-1.462073494,-0.15405853,0.398402022,0.006067681,-0.080043112
thyme,32142,2938,1,5,24,41,23,5,0,3.92,0.969632323,1,0,1007823,3.154293399,0.091406882,2,-0.689857984,-0.727747126,0.107481692,-1.394558279,0.342808678
alpha,29497,2706,0,3,19,40,28,9,1,4.24,0.992323232,2,1,27832836,2.716045459,0.091738143,2,0.107267704,-0.916697143,-1.548607556,0.883029665,-0.08907531
booze,29147,2883,0,1,7,27,38,23,4,4.87,1.023333333,3,1,1178694,2.474003854,0.09891241,3,1.676608901,0.040587192,-1.639223239,1.978320232,-1.080874837
tibia,27887,2675,0,1,14,40,30,12,2,4.4,0.955959596,3,1,620778,2.802737653,0.095922831,2,0.505830547,-0.803950262,-1.049478724,1.987944079,-1.166931943
lofty,29237,2777,0,4,19,34,27,13,3,4.35,1.300505051,1,0,1018661,3.044038313,0.094982385,2,0.381279659,-0.251491018,-0.090650897,-1.398931971,0.369339184
theme,32172,2909,0,8,29,40,18,4,0,3.77,0.924213131,2,1,37219937,3.035304206,0.090420241,2,-1.06351065,-0.869685934,-0.956920643,0.956918603,-0.04127883
class,31962,3001,0,4,21,32,22,13,7,4.36,1.596266667,1,1,191087771,3.062842895,0.093892748,3,0.406189836,0.581080131,-1.009141078,0.679927166,2.685065352
leery,30992,2873,0,3,17,37,28,12,2,4.31,1.119332323,2,1,168700,3.232631546,0.092701342,2,0.281638948,-0.61431465,-0.672958177,0.724023009,-0.578742413
taunt,32734,3022,0,4,19,27,21,16,13,4.65,1.967171717,2,1,295148,3.144209641,0.092319912,3,1.128584991,1.931107219,-0.831631076,0.721280881,-0.555907518
whoop,32733,2970,0,1,16,47,29,7,1,4.32,0.792145455,2,1,331753,2.330985218,0.090734122,2,0.306549125,-1.197673418,-2.293109,0.688739514,-0.360795996
inter,32018,2889,0,6,25,36,23,8,1,4.01,1.14050404,2,0,15269346,3.676165584,0.090230495,2,-0.465666384,-0.66874058,1.46784253,-0.002506077,-0.290447386
gully,31191,2877,0,1,9,27,31,25,7,4.91,1.254444444,1,1,800734,2.510704938,0.092238146,3,1.776249612,0.746336665,-2.364450862,-0.579278245,0.29945401
charm,35724,3149,1,12,32,34,16,5,1,3.74,1.264925253,1,0,10554644,3.270679681,0.088148024,1,-1.138241183,0.110198296,0.334865701,-1.32780844,0.441271484
fungi,31903,2928,0,2,18,41,28,9,1,4.23,0.927445455,2,0,2000715,2.662949446,0.091778203,2,0.082357526,-1.014410677,-0.378446814,-0.129598598,-0.22351845
prize,35343,3166,0,5,12,20,32,26,5,4.77,1.552626263,2,0,16204739,3.187230815,0.089579266,3,1.427507123,0.732236588,0.590900811,-0.016133511,-0.16105521
onset,33660,3009,0,4,29,40,21,6,1,4.03,1.001524242,2,0,3858839,3.669268509,0.089393939,2,-0.415846029,-0.838229366,1.433680143,-0.076957427,-0.43977307
chief,34281,3072,1,6,32,38,18,5,0,3.81,1.003939394,2,0,45699591,3.168504972,0.089612322,2,-0.963869939,-0.537097937,0.6135109,0.174841278,0.233682943
gauze,30214,2866,0,2,11,24,31,25,8,4.94,1.434783838,3,0,556178,2.998536033,0.094856689,3,1.850980145,1.070825868,0.617155755,1.152848497,-1.020003483
ruder,31241,2784,0,2,16,33,29,16,4,4.53,1.261717172,2,1,89666,3.035627838,0.089113665,3,0.829662858,-0.097436247,-1.027169052,0.71556846,-0.53263968
irony,34716,3046,0,6,29,34,21,8,1,3.95,1.163106061,2,0,2212193,3.42315805,0.087740523,2,-0.615127451,-0.609939011,0.988222968,-0.097581534,-0.402659343
clown,36737,3175,1,8,29,36,20,6,1,3.91,1.227051515,1,0,3081501,3.082846283,0.08642513,1,-0.714768162,-0.170025504,-0.016969127,-1.383958333,0.387345505
needy,33700,2927,0,2,21,41,26,9,1,4.22,0.961212121,2,1,1636137,2.854722948,0.086854599,2,0.057447348,-0.968369485,-1.349345888,0.718329321,-0.468882226
woven,33549,2933,0,2,13,32,32,17,3,4.54,1.153822222,2,0,4248524,2.957514232,0.087424364,3,0.854573036,-0.300606468,0.155240502,-0.103113576,-0.264274449
merit,35888,3123,0,7,33,37,17,5,0,3.76,0.950529293,2,0,6450895,3.678479851,0.087020731,2,-1.088420828,-0.83368888,1.455179633,-0.059736627,-0.407681215
waste,35617,3186,1,7,19,27,24,17,5,4.37,1.811212121,2,0,41089558,3.585546255,0.089451666,3,0.431100014,0.926417443,1.354234027,0.161684055,0.072876449
treat,38245,3249,1,22,32,26,14,5,1,3.52,1.468185859,2,1,19442315,3.533268431,0.084952281,1,-1.686265093,0.841192835,-0.095879346,0.861428055,-0.395677334
shrug,33965,2987,0,4,23,36,26,10,1,4.18,1.118787879,1,0,720506,3.082522237,0.087943471,2,-0.042193363,-0.738488017,-0.022055367,-1.399318907,0.35618392
twang,34938,3172,0,3,22,43,25,7,1,4.18,0.951842424,1,0,243118,3.04178891,0.090789398,2,-0.042193363,-0.967258992,-0.096173014,-1.404064012,0.359616052
twice,35815,3173,1,6,28,38,21,6,1,3.97,1.158291919,2,0,19945569,3.397087554,0.088594164,2,-0.565307095,-0.330260331,0.975196757,0.01664241,-0.161783547
gruel,35105,3087,0,3,19,39,29,9,1,4.25,0.997474747,2,0,82196,3.531599463,0.087936191,2,0.132177881,-0.910052415,1.179053449,-0.107056418,-0.456795108
poker,35376,3180,0,4,17,30,27,17,5,4.51,1.484747475,2,0,129054826,3.291114066,0.089891452,3,0.779842502,0.309885923,0.992876319,0.721629289,1.30724099
khaki,31652,2968,0,2,17,33,28,16,4,4.51,1.282727273,2,1,1481504,2.398829664,0.093769746,3,0.779842502,-0.086058219,-2.168983949,0.698948067,-0.361820305
hunky,35276,3185,0,1,11,33,25,22,7,4.73,1.326637374,1,0,279599,2.626950125,0.090288015,3,1.327866412,0.602313964,-0.841662308,-1.420548123,0.459381186
label,34198,3076,0,4,18,32,29,15,2,4.39,1.270606061,2,1,41359857,3.149330757,0.089946781,2,0.48092037,-0.375018919,-0.744091856,0.988426078,-0.013791843
glean,37301,3243,0,6,23,37,24,8,1,4.04,1.126448485,2,0,232952,3.544767624,0.086941369,2,-0.390935851,-0.698141365,1.203007189,-0.105545657,-0.45795191
cling,37654,3312,0,4,20,34,27,13,2,4.31,1.246363636,1,0,946281,3.16048059,0.087958783,2,0.281638948,-0.442221175,0.118484071,-1.394708937,0.340513628
patty,36223,3019,0,2,16,39,29,12,1,4.32,0.980783838,1,1,2339693,2.854794085,0.083344836,2,0.306549125,-0.908873992,-1.743109305,-0.555404842,0.237466418
unfit,35516,3187,0,3,24,38,25,9,1,4.16,1.044848485,2,0,814145,2.986574156,0.089734204,2,-0.092013718,-0.846517545,0.200916288,-0.124267216,-0.316670747
smear,36223,3190,0,2,16,39,29,12,2,4.39,1.048383838,2,0,1289528,3.684000264,0.088065594,2,0.48092037,-0.6948587,1.455255189,-0.09306528,-0.477294227
alien,38841,3395,3,17,31,29,15,4,0,3.45,1.321691919,3,0,10490554,3.88823253,0.087407636,1,-1.860636337,0.947685968,2.235091983,1.253288076,-1.101487415
buggy,37350,3428,0,1,9,29,34,22,5,4.82,1.138989899,1,1,1955438,2.089278882,0.091780455,3,1.552058012,0.213827551,-3.119645833,-0.58875893,0.415591255
rhyme,37229,3336,0,4,22,39,25,8,1,4.1,1.032222222,1,0,1530733,3.189912465,0.089607564,2,-0.241474785,-0.858376192,0.172494696,-1.389723405,0.341202849
youth,38381,3327,1,5,17,31,29,15,3,4.42,1.49390303,2,0,51426255,3.08256163,0.086683515,3,0.555650903,0.272537008,0.469975562,0.208602937,0.330023035
coyly,34909,3380,0,0,4,17,28,35,15,5.35,1.13260101,1,1,52174,2.692472572,0.096823169,4,2.872297432,2.676412796,-2.039201375,-0.576817556,0.246047512
quart,36662,3303,0,5,20,33,27,13,2,4.29,1.298888889,2,0,2002127,3.129311973,0.090093285,2,0.231818592,-0.367792776,0.459714551,-0.110791355,-0.335113271
cramp,39250,3369,1,8,26,33,19,10,2,3.96,1.456145455,1,0,402123,3.271695107,0.085834395,1,-0.590217273,0.147406284,0.317323607,-1.393763388,0.306696964
bluff,37353,3171,0,2,14,42,31,10,1,4.36,0.899393939,1,1,3906671,2.168049989,0.08489278,2,0.406189836,-1.016325984,-2.974354193,-0.572899959,0.422556577
upset,37791,3213,0,5,30,38,20,6,1,3.95,1.037878788,2,0,5544484,3.397747936,0.085020243,2,-0.615127451,-0.757685317,0.94891197,-0.076944395,-0.352487307
stomp,40650,3490,0,7,26,32,21,11,2,4.05,1.377247475,1,0,1168038,3.066597331,0.085854859,2,-0.366025673,-0.245888497,-0.049822299,-1.397051649,0.365916643
motto,38384,3285,0,1,11,36,36,14,1,4.5,0.876262626,2,2,1894147,2.354501474,0.085582534,2,0.754932325,-0.936944766,-2.247864545,0.699843655,-0.345751517
cinch,39171,3507,0,2,15,24,22,25,13,4.96,1.802440404,1,1,427247,2.639286927,0.08953052,4,1.9008005,2.126878911,-2.134072485,-0.576523214,0.263739034
elope,39228,3339,0,4,22,32,26,13,2,4.24,1.275377778,3,1,74984,3.232208589,0.085117773,2,0.107267704,-0.418082769,-0.278663726,2.00170722,-1.276937853
power,39813,3401,2,6,19,29,24,15,4,4.25,1.744318182,2,0,226596368,3.300088454,0.085424359,3,0.132177881,0.925150432,1.195076465,1.356054203,2.595698888
midge,36769,3111,0,2,18,39,28,10,2,4.28,1.02870303,2,0,308737,3.12471322,0.084609318,2,0.206908414,-0.760678607,0.448219229,-0.121984505,-0.356418488
tryst,43099,3665,0,3,26,41,23,6,1,4.06,0.945858586,0,1,205722,3.008587598,0.085036776,2,-0.341115496,-0.958698957,-1.866011824,-1.841387969,0.869480731
aphid,39086,3367,0,6,24,36,23,9,2,4.11,1.25040404,2,0,295138,2.983258322,0.086143376,2,-0.216564607,-0.427768888,0.193966924,-0.127774645,-0.322744336
trite,42237,3685,0,4,14,22,22,23,15,4.91,1.981717172,2,1,287494,3.512142527,0.08724578,4,1.776249612,2.579998089,-0.170387274,0.736061705,-0.644065349
angry,39667,3358,0,5,27,38,21,7,1,3.97,1.062112121,1,0,9267505,3.232293511,0.084654751,2,-0.565307095,-0.765392079,0.263421735,-1.337722676,0.433427781
flock,42574,3548,0,4,22,37,27,9,1,4.18,1.078383838,1,0,2585098,2.781144968,0.083337248,2,-0.042193363,-0.794845203,-0.560141396,-1.399346099,0.452982929
wacky,39611,3345,0,3,18,39,27,10,2,4.25,1.077651515,1,0,1861879,2.624174643,0.08444624,2,0.132177881,-0.692894935,-0.843632104,-1.410374477,0.480981128
roomy,38769,3280,0,2,17,41,28,10,2,4.33,1.011212121,2,1,574188,2.752079795,0.084603678,2,0.331459303,-0.773438985,-1.535844575,0.707288859,-0.458367882
wedge,39234,3353,0,2,11,32,37,17,2,4.66,1.052076768,2,1,3162851,2.661945774,0.085461589,3,1.153495168,-0.5016565,-1.692897587,0.720483207,-0.402544816
liver,40549,3388,0,4,16,26,25,20,8,4.61,1.68220101,2,0,12139363,3.374030341,0.083553232,3,1.02894428,1.034507543,0.918866553,-0.035030769,-0.259551914
bland,46246,3727,0,7,31,38,18,4,0,3.73,0.907921212,1,0,1606490,3.26892202,0.080590754,2,-1.163151361,-0.9133312,0.314637206,-1.386046247,0.323296035
night,46910,3870,1,8,27,27,17,13,7,4.18,1.987474747,1,0,130531484,3.003442443,0.082498401,3,-0.042193363,1.336103999,0.083449025,-0.558677656,2.092683646
madam,40545,3430,0,3,13,35,34,14,2,4.53,1.105362626,2,2,2023575,2.195565537,0.084597361,2,0.829662858,-0.54605424,-2.533261382,0.694278631,-0.306001227
berth,41785,3494,0,7,24,35,24,9,1,4.07,1.217272727,1,0,1056010,3.399568444,0.083618523,2,-0.316205318,-0.555448675,0.548388203,-1.384358536,0.284745127
stead,47094,3933,1,6,20,27,28,16,3,4.38,1.623680808,2,0,724786,3.600942518,0.083513823,3,0.456010192,0.439368105,1.304904373,-0.10008423,-0.464888497
voice,42806,3484,1,5,24,35,25,9,1,4.09,1.234242424,3,0,64600528,3.331793861,0.081390459,2,-0.266384962,-0.320525754,1.338266847,1.582598007,-0.252368496
agape,43407,3671,0,2,18,36,27,15,3,4.48,1.222529293,3,1,414471,2.980208606,0.084571613,3,0.705111969,-0.323149882,-0.730916937,1.993756462,-1.21213539
fluff,47344,4049,0,0,4,25,44,23,4,4.98,0.807676768,1,3,814535,1.778469987,0.085522981,3,1.950620856,-0.048041111,-4.995279782,0.233864524,0.28023758
field,44578,3604,1,6,25,36,23,9,1,4.08,1.272791919,2,0,135289140,3.226777762,0.080847055,2,-0.29129514,-0.236101675,0.8891421,0.759561831,1.405126809
sever,42645,3591,0,2,13,27,29,21,7,4.71,1.418241414,2,1,686306,3.100022571,0.084206824,3,1.278046057,0.694387629,-0.910299033,0.722042496,-0.540156779
lilac,40486,3461,0,2,17,38,29,12,1,4.31,0.998120202,2,1,1738684,2.968288406,0.085486341,2,0.281638948,-0.890851235,-1.145047521,0.7235735,-0.49470476
egret,41765,3515,0,3,14,33,33,15,2,4.49,1.141313131,2,1,394773,3.213371618,0.084161379,2,0.730022147,-0.494959433,-0.707141355,0.724716257,-0.571141727
pinto,47248,3792,0,5,25,41,22,6,1,4.02,1.00969697,2,0,1108872,3.293857899,0.080257365,2,-0.440756207,-0.834509642,0.753736721,-0.109965418,-0.386312646
hutch,44212,3758,0,1,12,28,28,21,9,4.79,1.410564646,1,1,1373107,2.516207449,0.084999548,3,1.477327479,1.012797572,-2.353469743,-0.575335773,0.30571037
gawky,45645,3957,0,1,5,22,33,28,10,5.08,1.187410101,1,0,31136,2.52718015,0.086690766,3,2.199722633,1.443468927,-1.021445431,-1.426184754,0.479971413
droll,47312,3844,0,2,16,31,31,17,3,4.54,1.220606061,1,1,196087,3.066920368,0.081247886,3,0.854573036,-0.247920549,-1.365959681,-0.560788878,0.158335918
retro,47986,3848,0,6,24,35,24,9,1,4.05,1.175227273,2,1,8000179,3.300042011,0.080190055,2,-0.366025673,-0.635139452,-0.536866962,0.777648257,-0.491254615
rusty,50450,3954,0,9,37,34,13,5,1,3.67,1.077182828,1,0,2780895,3.274163839,0.078374628,1,-1.312612427,-0.430567053,0.326298243,-1.378200809,0.337580479
beady,46089,3670,0,3,19,39,29,10,1,4.31,1.029960606,2,0,87974,3.225001753,0.079628545,2,0.281638948,-0.859810881,0.628039219,-0.119377149,-0.383341311
smite,50617,3991,0,6,23,35,24,11,2,4.21,1.31630404,2,0,270393,3.622449649,0.078847028,2,0.03253717,-0.343926225,1.342690735,-0.10217108,-0.476047981
brink,53111,4118,0,4,22,41,24,7,1,4.07,0.989344444,1,0,1484879,3.030620563,0.077535727,2,-0.316205318,-0.910000077,-0.113876259,-1.396442188,0.378719115
awful,47645,3861,0,5,21,33,27,12,2,4.26,1.285252525,2,0,5217370,2.75737023,0.081036835,2,0.157088059,-0.394749176,-0.202615243,-0.10488302,-0.203555296
gloat,53342,4194,0,8,21,31,26,12,2,4.19,1.428181818,2,0,113594,3.562640528,0.078624723,2,-0.017283185,-0.178108706,1.234901142,-0.105601119,-0.463808659
input,50484,3950,0,5,30,38,21,6,1,4,1.050505051,2,0,57191675,3.088138162,0.078242612,2,-0.490576562,-0.745778211,0.490996016,0.246305496,0.404972672
loser,55359,4399,1,10,28,32,19,8,2,3.9,1.464646465,2,0,2529180,3.787753784,0.079463141,1,-0.739678339,0.24761266,1.644088442,-0.080824913,-0.485723063
cacao,47205,4101,0,1,9,27,36,23,4,4.83,1.092020202,3,2,331714,2.527767626,0.08687639,3,1.57696819,0.063343249,-1.544213318,1.974981588,-1.104948685
blown,54665,4251,0,6,23,35,26,10,1,4.18,1.214468687,1,0,4229918,2.890788307,0.077764566,2,-0.042193363,-0.58436884,-0.359949908,-1.384234556,0.448505413
apron,53430,4112,0,7,30,38,19,5,1,3.88,1.056161616,2,0,1617357,3.484663117,0.076960509,2,-0.789498695,-0.660452402,1.097626734,-0.098969095,-0.425249693
primo,55989,4391,0,3,22,38,25,10,2,4.23,1.128383838,2,0,912120,3.215278547,0.078426119,2,0.082357526,-0.628830987,0.612136571,-0.114411756,-0.370109718
atone,59968,4762,2,16,34,29,14,4,1,3.53,1.342525253,3,0,152901,3.85217788,0.079409018,1,-1.661354915,0.757561408,2.150573441,1.184635473,-1.229639581
donor,53802,4142,0,3,27,38,23,7,1,4.03,0.996657576,2,1,7096675,3.013205151,0.076985986,2,-0.415846029,-0.900959423,-1.054101044,0.760213308,-0.434561161
float,56684,4323,1,12,30,32,18,6,1,3.76,1.335757576,2,0,8808655,3.450665354,0.076264907,1,-1.088420828,0.127159017,1.050243271,-0.053592853,-0.321962545
goose,51958,4087,0,2,12,28,32,21,5,4.73,1.29,3,1,3739382,3.111413579,0.078659687,3,1.327866412,0.284055607,-0.48876937,2.020658443,-1.199543342
piety,55376,4324,0,4,25,41,22,7,1,4.06,1.006464646,2,0,595389,3.348262059,0.078084369,2,-0.341115496,-0.863958885,0.850533745,-0.111110371,-0.406127142
girth,60020,4665,0,6,23,33,23,12,3,4.21,1.42010101,1,0,492919,3.268882692,0.077724092,2,0.03253717,-0.102101261,0.312442267,-1.393286537,0.308571406
trait,61026,4607,0,6,22,35,24,11,2,4.18,1.300606061,2,1,1705417,3.446520961,0.075492413,2,-0.042193363,-0.36721136,-0.28561919,0.742633768,-0.609599258
flood,58991,4440,0,3,20,40,28,8,1,4.21,0.975656566,2,1,13979267,2.610151832,0.075265718,2,0.03253717,-0.943653543,-1.765349491,0.788706994,-0.247033364
gloom,58478,4548,0,2,14,35,35,13,1,4.46,0.978181818,2,1,878018,2.623536498,0.077772838,2,0.655291614,-0.854809604,-1.76628629,0.704082587,-0.423583822
depth,56738,4329,0,6,28,39,20,6,1,3.95,1.058080808,1,0,31879926,3.163955518,0.076298072,2,-0.615127451,-0.719302429,0.183738607,-1.193486493,0.748975687
froth,58263,4432,0,5,22,35,25,11,1,4.14,1.180812121,1,0,278469,3.241114534,0.07606886,2,-0.141834074,-0.649010323,0.262127535,-1.395799831,0.312379636
peach,65431,4957,1,13,38,32,13,3,0,3.52,1.01979798,2,0,3938068,3.420555515,0.075759197,1,-1.686265093,-0.031144555,0.986837921,-0.086467485,-0.379200838
showy,61278,4770,0,2,16,37,30,13,2,4.42,1.074343434,1,0,294798,2.87602814,0.077841966,2,0.555650903,-0.643234816,-0.393983929,-1.410409527,0.399971003
creak,63241,4797,0,5,21,32,25,14,3,4.31,1.407979798,2,0,124122,3.479129606,0.075852691,2,0.281638948,-0.109327405,1.084833258,-0.108898827,-0.443682877
manor,62768,4802,0,6,27,34,21,10,2,4.08,1.306666667,2,0,7084688,3.543789312,0.076503951,2,-0.29129514,-0.342010918,1.214319376,-0.061045776,-0.367060095
atoll,60969,4741,0,6,28,36,21,8,1,4,1.151515152,2,1,908471,3.189394111,0.077760829,2,-0.490576562,-0.622699389,-0.749254409,0.72708904,-0.558606329
bayou,56839,4435,0,6,17,33,29,13,2,4.32,1.310707071,3,0,1397958,2.984265797,0.078027411,2,0.306549125,-0.33414319,0.593114708,1.157745237,-1.005450339
crept,60069,4562,0,4,27,38,22,7,1,4,1.03030303,1,0,588735,3.578772581,0.075945995,2,-0.490576562,-0.833175751,0.869567088,-1.3801727,0.235673924
tiara,63846,4842,0,8,36,33,17,6,1,3.84,1.153389899,3,1,923335,3.35928562,0.075838737,2,-0.889139406,-0.440935386,-0.048659311,2.012344077,-1.296126092
asset,63188,4733,0,7,28,34,21,8,1,3.94,1.193094949,2,1,18178753,3.309554705,0.074903463,2,-0.640037628,-0.553533368,-0.500353764,0.844196927,-0.35885505
vouch,62723,4835,0,2,9,25,33,24,6,4.82,1.267955556,2,0,388963,2.763833525,0.077084961,3,1.552058012,0.575060071,-0.200209958,-0.13600928,-0.268988457
album,63380,4809,0,5,26,35,24,9,1,4.09,1.153434343,2,0,77914316,2.969164729,0.075875671,2,-0.266384962,-0.668259961,0.316704619,0.376216269,0.707634715
hinge,66431,4906,0,5,25,37,22,9,2,4.11,1.21,2,0,1758893,3.302961654,0.073851064,2,-0.216564607,-0.490819259,0.771338208,-0.105373041,-0.379890775
money,67909,4928,1,7,26,36,21,8,1,3.97,1.261717172,2,0,190205072,3.314866857,0.072567701,2,-0.565307095,-0.207181509,1.152216217,1.120090365,2.110656242
scrap,66814,4973,1,9,28,34,20,8,1,3.94,1.345086869,1,0,3757085,3.400627308,0.074430509,1,-0.640037628,-0.023661547,0.555443816,-1.366757673,0.320230565
gamer,69884,5238,1,4,17,28,26,18,6,4.52,1.686464646,2,0,3144985,3.490540836,0.074952779,3,0.80475268,0.934108257,1.111104439,-0.088801919,-0.406443823
glass,70920,5162,0,4,19,33,27,14,3,4.37,1.326363636,1,1,63559754,2.922750256,0.072786238,2,0.431100014,-0.206511862,-1.504192781,-0.154708195,1.031226319
scour,73933,5544,0,8,34,35,17,5,1,3.8,1.090909091,2,0,411478,3.429656844,0.074986812,1,-0.988780117,-0.527222433,0.996467707,-0.109025026,-0.428040565
being,70722,5142,0,4,22,37,26,10,1,4.19,1.104949495,2,0,242783091,3.154247842,0.07270722,2,-0.017283185,-0.756510774,0.963845926,1.455396545,2.844774701
delve,68349,5179,0,2,14,32,33,16,2,4.49,1.099291919,2,1,640909,2.860069633,0.075772872,2,0.730022147,-0.529671054,-1.341635196,0.712075412,-0.483330041
yield,67115,4963,0,4,16,29,29,18,4,4.53,1.423333333,2,0,15022494,3.304765369,0.073947702,3,0.829662858,0.141378865,0.799881658,-0.019081063,-0.204827184
metal,73225,5290,1,10,31,34,18,7,1,3.89,1.333880808,2,0,56181783,3.634484474,0.072243086,1,-0.764588517,0.051828887,1.470977116,0.261762788,0.260854598
tipsy,77585,5522,0,6,33,38,17,5,1,3.85,1.017676768,1,0,279464,3.20944184,0.071173552,2,-0.864229228,-0.694101988,0.205206458,-1.397070021,0.319972956
slung,75673,5419,0,2,16,37,31,13,2,4.47,1.079706061,1,0,253265,3.141332641,0.071610746,2,0.680201791,-0.63132771,0.082748883,-1.39998566,0.335926731
farce,79446,5688,0,9,26,32,21,9,1,3.9,1.298787879,2,0,727546,3.646567518,0.071595801,2,-0.739678339,-0.401005302,1.386908057,-0.098227244,-0.475771308
gecko,74412,5489,0,2,16,38,29,12,2,4.35,1.048762626,2,0,1230211,2.891948904,0.073764984,2,0.381279659,-0.700121078,0.031647053,-0.125376742,-0.288519183
shine,88932,6146,1,14,32,30,17,6,1,3.73,1.390130303,2,0,5881862,3.655047687,0.069108982,1,-1.163151361,0.310678979,1.411981254,-0.064380093,-0.409602319
canny,72518,5256,0,2,10,30,34,20,4,4.72,1.173333333,1,1,209480,2.860074937,0.072478557,3,1.302956235,0.00756748,-1.737682036,-0.569039309,0.208016981
midst,74458,5233,0,3,25,39,24,9,1,4.18,1.052852525,1,0,3381410,3.204553377,0.070281232,2,-0.042193363,-0.829877138,0.202338088,-1.377103043,0.362185816
badge,76292,5482,0,4,20,35,26,12,2,4.24,1.214771717,2,0,6145138,3.251778071,0.071855503,2,0.107267704,-0.499107438,0.687717004,-0.078923607,-0.309605205
homer,85979,6313,0,3,16,26,24,19,12,4.76,1.80040404,2,0,4281428,3.417274739,0.073424906,3,1.402596946,1.74872929,0.981596623,-0.084367735,-0.373872542
train,107750,7243,6,26,32,22,10,3,0,3.1,1.387777778,2,0,31816971,3.84750256,0.067220418,1,-2.732492558,2.688766503,1.807340132,0.111967029,-0.11250576
hairy,85817,5941,1,8,24,33,23,10,1,4.03,1.382929293,2,0,19060619,3.455681257,0.069228708,2,-0.415846029,-0.065550854,1.078814721,0.013251629,-0.187515725
story,95643,6530,1,10,23,29,24,11,2,4.06,1.592323232,1,0,138433809,3.479929422,0.06827473,1,-0.341115496,0.325659986,0.95487817,-0.488102889,2.083205461
forgo,77658,5699,0,1,9,26,37,23,3,4.77,1.039970707,2,1,340426,2.57919651,0.073385871,3,1.427507123,-0.144027315,-1.847000767,0.698800752,-0.420085096
larva,77991,5749,0,2,10,25,35,23,4,4.75,1.193813131,2,1,462298,2.835660075,0.073713634,3,1.377686768,0.143887299,-1.385845398,0.709930465,-0.479851419
zesty,88974,6315,0,2,12,27,30,22,7,4.79,1.39989899,1,0,210124,2.876697943,0.070975791,3,1.477327479,0.733251135,-0.392941666,-1.410932947,0.39869035
shown,98967,6564,0,6,26,36,22,8,1,3.99,1.142120202,1,0,68755779,3.00510098,0.066325139,2,-0.51548674,-0.657362552,-0.031414116,-0.960180217,1.274911094
heist,103153,6830,1,13,32,31,16,6,1,3.7,1.343434343,2,0,419629,3.670190788,0.066212325,1,-1.237881894,0.224343474,1.428777017,-0.099276638,-0.485499169
askew,91548,6549,0,3,13,29,32,19,4,4.63,1.306161616,2,0,473664,2.973105955,0.071536243,3,1.078764635,0.077795536,0.176061388,-0.127023367,-0.317952453
inert,97452,6743,0,7,27,34,22,9,1,4.02,1.231919192,2,0,935898,3.700744532,0.069193039,2,-0.440756207,-0.514669861,1.484673827,-0.094689106,-0.485980595
olive,95562,6482,1,6,25,34,23,10,1,4.06,1.309494949,3,0,9298184,3.331501801,0.067830309,2,-0.341115496,-0.196384896,1.232246688,1.223096533,-0.984022948
plant,119232,7731,2,19,39,28,10,3,0,3.37,1.117847475,1,0,53247607,3.59162347,0.064839976,1,-2.059917759,0.795911786,0.993115586,-1.037348744,0.929346012
oxide,97955,6960,0,2,11,30,33,21,4,4.76,1.221187879,3,0,5321340,2.928646057,0.071053035,3,1.402596946,0.069187043,0.500637768,1.181007044,-0.940227373
cargo,102007,6796,0,5,20,34,27,12,2,4.27,1.26979798,2,0,9748668,3.428134953,0.066622879,2,0.181998237,-0.412771932,1.011544236,-0.048390504,-0.304132759
foyer,108899,8198,0,2,10,19,19,23,26,5.25,1.971590909,2,0,1042532,3.297315805,0.075280765,4,2.623195654,4.63013575,0.759824807,-0.110257276,-0.388017986
flair,112383,7341,1,8,30,36,18,6,1,3.84,1.206464646,2,0,1924190,3.498243883,0.065321267,1,-0.889139406,-0.170554581,1.122619752,-0.096427134,-0.424440134
ample,106681,7008,0,4,20,35,27,11,2,4.23,1.190071717,2,0,3187842,3.433552541,0.065691173,2,0.082357526,-0.537441867,1.008765369,-0.090820404,-0.392237885
cheek,107987,7035,0,3,19,40,28,9,1,4.24,0.992323232,2,1,2681029,2.756803836,0.065146731,2,0.107267704,-0.916697143,-1.523335377,0.721174674,-0.431622138
shame,129991,8522,1,11,22,25,21,15,5,4.19,1.993838384,2,0,6785296,3.558819168,0.065558385,3,-0.017283185,1.168306814,1.240760296,-0.062386135,-0.374618516
mince,113448,7356,0,6,24,35,24,10,1,4.11,1.21,2,0,328039,3.42234217,0.064840279,2,-0.216564607,-0.584897917,0.983162418,-0.109862255,-0.42739397
chunk,123255,7835,1,4,29,42,18,5,1,3.91,1.012020202,1,0,2371231,2.733881787,0.063567401,2,-0.714768162,-0.531270091,-0.64549197,-1.402641406,0.461464573
royal,114907,7275,1,5,24,36,23,9,1,4.03,1.218879798,2,0,45407189,3.549933229,0.06331207,2,-0.415846029,-0.339077587,1.298465739,0.188315083,0.138527697
squad,109828,7236,0,3,20,33,27,14,2,4.31,1.220342424,2,0,8744772,2.743920658,0.065884838,2,0.281638948,-0.476932796,-0.220058253,-0.082495469,-0.15366417
black,126241,7894,1,10,31,34,18,6,1,3.83,1.280594949,1,0,244690155,2.991266541,0.06253119,1,-0.914049583,0.001587352,0.279336317,0.182913425,3.60607035
stair,134210,8537,2,21,36,26,11,4,1,3.42,1.374307071,2,0,2012524,3.822337011,0.063609269,1,-1.93536687,1.151077114,1.705256726,-0.082789431,-0.500835843
scare,141158,9010,1,12,23,26,21,13,4,4.09,1.900909091,2,0,2972708,3.902757918,0.063829184,1,-0.266384962,0.962046743,1.851622894,-0.073306218,-0.507378274
foray,117761,7575,0,2,14,31,31,19,4,4.67,1.271908081,2,0,499808,3.283497756,0.064325201,3,1.178405346,0.020007544,0.733955351,-0.114342198,-0.391891911
comma,117856,7560,0,2,13,33,33,17,3,4.63,1.159059596,2,1,2711522,2.65123509,0.064146077,3,1.078764635,-0.283436984,-1.713008062,0.717117644,-0.405953142
natal,121356,7702,0,2,14,32,32,17,3,4.57,1.176868687,2,1,3010028,3.175217938,0.063466166,3,0.929303569,-0.277321334,-0.77072324,0.74017868,-0.527407153
shawl,129651,7943,0,3,16,31,30,16,3,4.45,1.26209596,1,0,1011728,3.200589406,0.061264472,3,0.630381436,-0.230378412,0.19069351,-1.392666803,0.331780426
fewer,124532,7931,0,2,10,24,32,26,6,4.88,1.318787879,2,1,10792786,2.784033122,0.063686442,3,1.701519078,0.681658791,-1.458924145,0.775002237,-0.330809413
trope,155079,9315,1,16,33,28,15,6,1,3.62,1.40969697,2,0,109419,3.762310618,0.06006616,1,-1.437163316,0.4590067,1.593745375,-0.097579989,-0.511650498
snout,144648,8913,1,4,19,27,26,18,5,4.47,1.665757576,2,0,258314,3.481049904,0.06161855,3,0.680201791,0.761400856,1.088540452,-0.107949117,-0.442366917
lowly,135219,8469,0,2,9,26,32,24,8,4.95,1.366186869,1,1,543486,2.509029048,0.062631731,3,1.875890323,0.996445926,-2.367953541,-0.581018022,0.29645136
stove,158139,9318,0,5,16,24,27,21,6,4.57,1.652778788,2,0,3914849,3.352679442,0.058922846,3,0.929303569,0.749698727,0.864805011,-0.089354357,-0.363263427
shall,149070,8494,0,3,17,30,28,17,4,4.47,1.362920202,1,1,191963867,3.096484105,0.056979942,3,0.680201791,0.028086959,-0.947008986,0.686978181,2.688606004
found,173696,10613,1,6,17,22,20,21,14,4.76,2.31209697,2,0,232005894,2.932440425,0.061101004,4,1.402596946,2.853319845,0.544649278,1.376399419,2.755262572
nymph,165468,9935,1,2,18,44,26,26,9,5.84,3.820056566,0,0,697326,2.533964223,0.060041821,4,4.092896141,1.926188041,-1.403215467,-2.699891228,1.184219062
epoxy,149507,9376,0,2,13,31,33,18,3,4.61,1.16959596,2,0,1908076,2.629478011,0.062712783,3,1.02894428,-0.243720206,-0.438779253,-0.131549953,-0.216733544
depot,150197,8562,0,5,29,36,20,7,1,3.9,1.076565657,2,0,9688338,3.39755089,0.057005133,2,-0.739678339,-0.741253673,0.956462687,-0.050015453,-0.29761139
chest,169066,9318,1,14,35,31,14,5,1,3.65,1.293661616,1,0,13516414,3.437705047,0.055114571,1,-1.362432783,0.299833908,0.640697865,-1.301823194,0.440485873
purge,156785,8555,1,4,22,35,26,11,2,4.25,1.321338384,2,0,1366135,3.345377176,0.054565169,2,0.132177881,-0.120381333,0.846819242,-0.106216464,-0.395238704
slosh,160161,8807,0,2,19,36,27,13,2,4.32,1.12219798,1,1,51634,2.911015855,0.054988418,2,0.306549125,-0.614363108,-1.646430823,-0.56801206,0.19373689
their,173636,9200,2,14,36,30,13,4,0,3.47,1.160293939,2,0,782849411,3.692754498,0.052984404,1,-1.810815982,0.424090103,2.961899378,4.98777259,9.861698489
renew,154987,8417,0,4,20,33,27,13,2,4.27,1.247243434,2,1,6561081,3.07387489,0.054307781,2,0.181998237,-0.447483553,-0.94608554,0.759177176,-0.456167743
allow,156311,8515,0,5,21,32,26,14,3,4.36,1.414642424,2,1,67052567,2.774023858,0.054474733,2,0.406189836,-0.097420299,-1.369591372,1.140312251,0.415978611
saute,179830,9304,1,8,31,34,19,6,1,3.84,1.226666667,3,0,546457,3.89562641,0.051737752,1,-0.889139406,-0.145887097,2.229411003,1.188945077,-1.234830746
movie,169071,8847,1,5,18,30,26,16,3,4.32,1.526238384,3,0,158421100,3.151792306,0.052327129,3,0.306549125,0.305079982,1.193736435,2.185217759,1.032083159
cater,217856,11234,1,7,19,22,19,18,15,4.68,2.441034343,2,0,2092828,3.914004511,0.051566172,4,1.203315524,3.030964473,1.870157092,-0.078572501,-0.521711892
tease,202855,10024,1,16,32,30,16,6,1,3.72,1.432694949,3,1,2019275,3.675582116,0.049414606,1,-1.188061539,0.458153428,0.521887475,2.032217399,-1.357323868
smelt,185406,9373,0,5,19,33,28,13,2,4.31,1.286767677,1,0,301053,3.536798202,0.05055392,2,0.281638948,-0.379170804,0.793580875,-1.383734656,0.241913139
focus,179436,8937,1,4,23,36,24,10,1,4.09,1.206685859,2,0,65626732,2.885079431,0.049806059,2,-0.266384962,-0.379904858,0.142144459,0.29295224,0.565177409
today,192049,9353,1,7,29,35,20,7,1,3.91,1.234242424,2,0,239271204,3.371586797,0.048701113,2,-0.714768162,-0.204737125,1.347753753,1.441328188,2.746292467
watch,226349,12400,1,6,14,18,17,24,20,4.96,2.503434343,1,0,92006970,3.052920083,0.054782659,4,1.9008005,4.161509966,0.098881787,-0.807109704,1.571111166
lapse,208884,9960,0,8,31,34,19,7,1,3.89,1.18979798,2,0,1459542,3.765419388,0.047681967,2,-0.764588517,-0.478042933,1.601908043,-0.088678285,-0.49453057
month,201799,9435,1,5,26,37,22,8,1,4.02,1.191515152,1,0,123027963,3.16086644,0.046754444,2,-0.440756207,-0.34939358,0.352061676,-0.601108442,1.955726042
sweet,207473,9767,1,5,18,31,28,15,2,4.33,1.435454545,2,1,32311923,3.140882466,0.047076005,2,0.331459303,0.069899745,-0.776535264,0.929269972,-0.131486262
hoard,218595,9823,1,9,30,34,19,7,1,3.89,1.302243434,2,0,433375,3.492899058,0.044936984,1,-0.764588517,-0.039239919,1.110170003,-0.106333529,-0.442886456
cloth,218595,9911,1,8,33,34,17,7,1,3.86,1.262016162,1,0,9764137,3.350159226,0.045339555,1,-0.83931905,-0.072889505,0.476200395,-1.329743437,0.411790351
brine,229895,10405,1,9,25,29,22,12,3,4.13,1.680473737,2,0,816003,3.643088104,0.045259793,1,-0.166744252,0.532982092,1.380823507,-0.097792482,-0.473768183
ahead,203730,9396,1,5,20,35,26,12,2,4.27,1.373160606,3,1,28375319,3.000156452,0.046119865,2,0.181998237,-0.037019289,-0.641727786,2.176318399,-0.846949858
mourn,240018,10465,1,8,29,34,19,8,1,3.9,1.303030303,2,0,779010,3.301965549,0.043600897,1,-0.739678339,-0.091974296,0.767678749,-0.111782865,-0.392617549
nasty,257304,10813,1,7,26,31,21,11,2,4.02,1.472723232,1,0,7434847,3.39018935,0.04202422,2,-0.440756207,0.131246496,0.543700184,-1.343271325,0.371390393
rupee,240137,10577,1,2,17,35,30,13,2,4.38,1.207676768,3,1,2831536,3.220350677,0.044045691,2,0.456010192,-0.248077067,-0.294716644,2.019148061,-1.237627037
choke,251094,10521,1,8,30,36,18,6,1,3.84,1.206464646,2,0,1448146,3.160581114,0.041900643,1,-0.889139406,-0.170554581,0.514855473,-0.113132085,-0.349926758
chant,250413,10438,1,9,33,33,16,7,1,3.79,1.278686869,1,0,1374428,3.476459876,0.041683139,1,-1.013690294,-0.010368211,0.687186871,-1.379189351,0.27055597
spill,248363,10087,1,5,26,34,22,10,2,4.09,1.355454545,1,1,3890646,2.921082543,0.04061394,2,-0.266384962,-0.050682354,-1.621015379,-0.542651017,0.242122942
vivid,255907,11687,1,2,10,29,33,21,4,4.7,1.323232323,2,2,4479514,1.751581819,0.045668934,3,1.253135879,0.423036902,-3.326515314,0.692347299,-0.167248219
bloke,250674,10405,1,6,21,32,25,12,2,4.15,1.429570707,2,0,766763,3.215885722,0.041508094,2,-0.116923896,0.038262382,0.612950517,-0.115332167,-0.3721783
trove,277576,11411,1,5,16,24,25,22,8,4.68,1.915781818,2,0,702353,3.544931362,0.041109462,3,1.203315524,1.586554004,1.204196897,-0.102487743,-0.451780291
thorn,306356,11814,1,14,38,30,12,4,0,3.47,1.079485859,1,0,1421673,3.499339862,0.038562979,1,-1.810815982,0.076355895,0.728397492,-1.377959995,0.265705269
other,278731,10887,1,9,26,30,21,10,2,3.96,1.516751515,2,0,978481319,3.497396109,0.039059165,1,-0.590217273,0.235124138,2.983985515,6.251592067,12.49692629
tacit,273306,11094,1,4,21,32,26,14,3,4.35,1.471439394,2,1,594255,3.15096913,0.040591864,3,0.381279659,0.205286294,-0.81891217,0.723497669,-0.553567664
swill,282327,11241,1,1,8,19,31,30,10,5.08,1.468282828,1,1,92032,2.773053918,0.039815533,4,2.199722633,1.956603424,-1.894302485,-0.573310402,0.227289533
dodge,265238,10220,1,3,15,29,27,19,7,4.66,1.658137374,2,1,14768509,2.808520734,0.038531432,3,1.153495168,1.089273521,-1.407330257,0.801833238,-0.284065819
shake,342003,12767,1,6,16,23,24,21,9,4.62,2.015757576,2,0,6839319,3.437486784,0.037330082,3,1.053854457,1.812849055,1.022801683,-0.066925608,-0.34486551
caulk,289721,10740,1,4,20,31,26,15,3,4.34,1.479191919,2,0,245944,3.171782343,0.037070147,3,0.356369481,0.226980316,0.532693277,-0.120495433,-0.368514272
aroma,287836,10343,1,6,25,33,22,11,2,4.1,1.424242424,3,1,2018777,3.026430404,0.035933657,2,-0.241474785,0.050702446,-0.644785549,2.006048261,-1.201970425
cynic,261521,10343,1,6,25,33,22,11,2,4.1,1.424242424,1,1,525906,2.554870224,0.039549405,2,-0.241474785,0.050702446,-2.285600143,-0.579284541,0.285247687
robin,277471,3249,1,6,29,34,21,8,1,3.96,1.250909091,2,0,11423944,3.330480999,0.011709332,2,-0.590217273,-0.22754164,0.83923382,-0.041436688,-0.258595302
ultra,269885,9310,1,7,23,34,24,10,1,4.07,1.338484848,2,0,21795075,3.51224353,0.034496174,2,-0.316205318,-0.151357282,1.18568616,0.033306705,-0.164872119
ulcer,278826,10631,1,4,18,30,28,16,3,4.4,1.474747475,2,0,1336605,3.522948759,0.038127721,3,0.505830547,0.249203416,1.165899104,-0.099250896,-0.438127237
pause,304830,13480,1,8,26,32,21,10,2,4.02,1.474343434,3,0,4606318,3.663738405,0.044221369,1,-0.440756207,0.165958117,1.820400571,1.205989066,-1.125616088
humor,305372,13846,1,5,22,34,25,11,2,4.18,1.361212121,2,0,18085495,3.132511922,0.04534142,2,-0.042193363,-0.057860039,0.496146364,-0.006113365,-0.12307453
frame,336236,15369,1,10,20,24,24,17,3,4.2,1.842020202,2,0,46079991,3.508568625,0.045708966,3,0.007626993,0.744957193,1.225407657,0.191021276,0.157329471
elder,288228,13340,1,3,13,24,30,24,5,4.71,1.561515152,2,1,7299470,3.241846115,0.046282804,3,1.278046057,0.87528977,-0.642794795,0.770747588,-0.486598043
skill,311018,13716,1,3,17,33,27,16,3,4.42,1.397575758,1,1,15835076,2.753049234,0.044100341,3,0.555650903,0.150107533,-1.900223838,-0.471779996,0.440378844
aloft,319698,13708,1,4,22,36,25,11,2,4.24,1.315329293,2,0,497342,3.415182502,0.042877966,2,0.107267704,-0.12702606,0.970617843,-0.109050301,-0.423440356
pleat,359679,14813,1,10,28,31,19,9,2,3.92,1.508686869,2,0,266830,3.719667919,0.041183945,1,-0.689857984,0.292591816,1.517407103,-0.098275583,-0.499362156
shard,358176,14609,1,7,22,28,25,14,4,4.3,1.712020202,1,0,287428,3.460863606,0.040787211,3,0.25672877,0.648702434,0.657083284,-1.386883984,0.25990612
moist,361908,14205,3,13,32,29,16,7,1,3.7,1.542323232,2,0,2140516,3.4800892,0.039250307,1,-1.237881894,1.028854993,1.090404356,-0.095752695,-0.417232931
those,351663,13606,1,13,34,30,15,6,1,3.67,1.334444444,2,0,270014141,3.66795135,0.038690451,1,-1.312612427,0.253744258,1.939033224,1.653116693,3.082134581
light,341314,13347,1,10,25,27,19,12,5,4.06,1.870266667,1,0,126699632,3.10231188,0.039104754,1,-0.341115496,0.994457379,0.253830031,-0.579601176,2.018320891
wrung,294687,11524,0,2,18,39,27,12,2,4.35,1.078282828,1,0,121159,2.851915956,0.039105899,2,0.381279659,-0.672102643,-0.437650199,-1.412510168,0.403444241
could,313220,11592,1,7,29,35,20,8,1,3.97,1.27950404,2,0,302311431,3.260879848,0.037009131,2,-0.565307095,-0.15449559,1.269044508,1.846655195,3.606894658
perky,296968,11148,1,4,17,30,27,17,4,4.45,1.542929293,1,0,1360009,3.06169952,0.037539398,3,0.630381436,0.478268002,-0.058258564,-1.396001173,0.369628859
mount,331844,11451,1,9,29,33,19,7,1,3.82,1.294622222,2,0,36648260,3.281421543,0.034507178,1,-0.938959761,-0.067787432,0.799181048,0.120555044,0.086897596
whack,302348,10163,1,4,22,37,24,10,2,4.17,1.273838384,1,0,725891,2.655870045,0.033613584,2,-0.067103541,-0.183912323,-0.788835336,-1.416481328,0.458364889
sugar,276404,8708,1,6,25,34,23,9,1,4,1.272727273,2,0,22450333,3.455109227,0.031504609,2,-0.490576562,-0.246626431,1.084252903,0.035263212,-0.14252835
knoll,258038,8317,1,1,11,29,33,21,4,4.71,1.278686869,1,1,965905,2.662992033,0.032231687,3,1.278046057,0.366631258,-2.090441512,-0.572066197,0.265192913
crimp,269929,7630,1,5,28,38,20,7,1,3.96,1.14989899,1,0,640746,3.130806242,0.028266692,2,-0.590217273,-0.37161668,0.064569731,-1.397891159,0.343572885
wince,241489,6850,1,3,17,33,29,15,3,4.46,1.381127273,2,0,717079,3.300027802,0.028365681,3,0.655291614,0.123680209,0.76407804,-0.11226355,-0.392973223
prick,273727,7409,1,8,30,33,19,7,1,3.83,1.267081818,1,0,891337,3.047532255,0.027067114,1,-0.914049583,-0.124193075,-0.084614379,-1.3996188,0.366818319
robot,243964,6589,1,8,29,34,20,8,1,3.95,1.316691919,2,1,12656312,2.962649898,0.027008083,2,-0.615127451,-0.08006719,-1.134354623,0.794315636,-0.348900414
point,280622,7094,1,16,37,28,12,4,1,3.47,1.24110202,2,0,175527859,3.477420832,0.025279558,1,-1.810815982,0.415942851,1.416363996,1.031234186,1.877553304
proxy,220950,6206,1,2,11,24,31,26,6,4.87,1.505322222,1,0,10773043,2.761212384,0.028087803,3,1.676608901,1.07543419,-0.580345349,-1.346924274,0.566090869
shire,222197,5640,1,8,32,32,18,8,2,3.93,1.413685859,2,0,2665081,3.777537149,0.025382881,1,-0.664947806,0.169464536,1.62598609,-0.080353307,-0.481479785
solar,209609,4955,1,9,32,32,18,7,1,3.82,1.300606061,2,0,20423792,3.837424331,0.023639252,1,-0.938959761,-0.015101513,1.767493547,0.037500093,-0.260840833
panic,205880,4655,1,9,35,34,16,5,1,3.77,1.191140404,2,0,6396440,3.290670153,0.022610258,1,-1.06351065,-0.059018634,0.758094236,-0.075722378,-0.315588097
tangy,169484,3985,1,4,21,30,24,15,5,4.37,1.629393939,1,0,333638,3.260254427,0.023512544,3,0.431100014,0.649219444,0.296631482,-1.39466972,0.308528888
abbey,132726,3345,1,2,13,29,31,20,3,4.56,1.331781818,2,1,4224864,2.726054287,0.025202296,3,0.904393391,0.204821267,-1.575654219,0.729970837,-0.403835905
favor,137586,3073,1,4,15,26,29,21,4,4.57,1.580909091,2,0,11867822,3.070554373,0.022335121,3,0.929303569,0.635428571,0.37293378,-0.049028365,-0.190514539
drink,153880,3017,1,9,35,34,16,5,1,3.77,1.191140404,1,0,29254937,3.129299416,0.019606187,1,-1.06351065,-0.059018634,0.116446322,-1.211946995,0.722537721
query,107134,2242,1,4,16,30,30,17,2,4.43,1.399090909,2,0,31284313,2.831414958,0.020927063,3,0.58056108,0.062673602,-0.019814621,0.067548225,0.12362444
gorge,91477,1913,1,3,13,27,30,22,4,4.64,1.485252525,2,1,1950264,3.079512923,0.02091236,3,1.103674813,0.576578544,-0.944748359,0.729432083,-0.518524388
crank,101503,1763,1,5,23,31,24,14,2,4.22,1.466262626,1,0,2185208,3.349249774,0.017368945,2,0.057447348,0.088455459,0.460108271,-1.379046486,0.31172859
slump,80630,1362,1,3,23,39,24,9,1,4.13,1.124343434,1,0,878659,3.009551653,0.016891976,2,-0.166744252,-0.494050036,-0.152898274,-1.401232129,0.375740384
