raise,3.237185001373291,0.9570853114128113
slate,3.712449073791504,1.6502165794372559
crate,3.770012855529785,1.6757417917251587
irate,3.482379913330078,1.1603007316589355
trace,3.5191617012023926,1.5127511024475098
arise,3.3878884315490723,1.0737099647521973
stare,3.8026156425476074,1.6803759336471558
snare,3.8482437133789062,1.6877511739730835
arose,3.4858815670013428,1.1494556665420532
least,3.3666303157806396,1.327818751335144
alert,3.2092299461364746,1.266825556755066
crane,3.7716689109802246,1.622967004776001
stale,3.879770040512085,1.6898194551467896
saner,3.9105401039123535,1.706798791885376
alter,3.714416027069092,1.569350242614746
later,3.3635518550872803,1.34478759765625
react,3.829230785369873,1.633292317390442
leant,3.9451911449432373,1.6986925601959229
trade,3.4018776416778564,1.3509020805358887
learn,3.077223777770996,0.7216977477073669
cater,3.9175212383270264,1.6475954055786133
roast,3.8926923274993896,1.6327250003814697
aisle,3.578103542327881,1.1914713382720947
trice,3.9631495475769043,1.6601594686508179
scare,3.9050559997558594,1.6253688335418701
parse,3.8887569904327393,1.6157983541488647
saute,3.6004347801208496,1.2068661451339722
heart,3.508364200592041,1.4270122051239014
alone,3.687347888946533,1.2636231184005737
store,3.163583278656006,0.8079860806465149
alien,3.5376789569854736,1.1671744585037231
share,3.3621487617492676,1.296209692955017
grate,3.956700086593628,1.6191555261611938
trail,3.459925413131714,1.329881191253662
siren,3.943256378173828,1.5868135690689087
snore,3.963162660598755,1.5911394357681274
caste,3.946463108062744,1.5726475715637207
scale,3.434964179992676,1.352606177330017
atone,3.6384518146514893,1.2380436658859253
renal,3.8815226554870605,1.5232166051864624
dealt,3.848186731338501,1.5085514783859253
spare,3.7763516902923584,1.4746263027191162
train,3.417793035507202,1.3126157522201538
plate,3.4997496604919434,1.3325074911117554
clear,3.5626678466796875,1.4463422298431396
rinse,3.932246208190918,1.5373873710632324
teary,3.9631094932556152,1.5432206392288208
shale,3.9514122009277344,1.5352544784545898
solar,3.579331159591675,1.3589919805526733
trial,3.51279354095459,1.4026271104812622
glare,3.936422109603882,1.523032784461975
pearl,3.615199089050293,1.371620774269104
lance,3.861449956893921,1.471343755722046
stole,3.911888360977173,1.4940509796142578
canoe,3.63481068611145,1.2295191287994385
sonar,3.9383132457733154,1.5052026510238647
stair,3.925846815109253,1.4962170124053955
slice,3.8776543140411377,1.470041275024414
crone,3.958148956298828,1.5125223398208618
tenor,3.9190239906311035,1.4884717464447021
taper,3.9383063316345215,1.497721791267395
saint,3.507524013519287,1.3608883619308472
route,3.744593858718872,1.2541006803512573
slant,4.161834239959717,1.538837194442749
cleat,3.9525163173675537,1.483475685119629
tread,3.9287452697753906,1.4697115421295166
blare,3.958282947540283,1.4857109785079956
hater,3.9501090049743652,1.476515293121338
steal,3.843075752258301,1.4136161804199219
tried,3.5396509170532227,1.3612067699432373
plane,3.6838207244873047,1.3631716966629028
rouse,3.680741548538208,1.273910403251648
paler,3.9532082080841064,1.4556983709335327
loser,3.9098708629608154,1.431429386138916
suite,3.8951070308685303,1.3939707279205322
tripe,3.951274871826172,1.4478873014450073
crest,4.134037971496582,1.4579451084136963
shear,3.902219295501709,1.417421817779541
sauce,3.704686164855957,1.258573055267334
great,3.3087515830993652,0.8936050534248352
shire,3.905456066131592,1.4124581813812256
large,3.312835216522217,0.8851786255836487
tamer,3.9462554454803467,1.4240821599960327
noise,3.7800920009613037,1.2701995372772217
stone,3.6325411796569824,1.4124865531921387
adore,3.698076009750366,1.2882323265075684
lapse,3.925124168395996,1.403732419013977
score,3.6966543197631836,1.4504849910736084
close,3.520313262939453,1.3688888549804688
trope,3.9491357803344727,1.4119843244552612
table,3.3410234451293945,0.9016610980033875
shore,3.7635481357574463,1.3348160982131958
paste,3.803434371948242,1.3359161615371704
horse,3.7037367820739746,1.4548261165618896
leapt,3.942354679107666,1.397302269935608
truce,3.933414936065674,1.3916746377944946
grace,3.712691068649292,1.3334379196166992
earth,3.7175183296203613,1.4518749713897705
risen,3.9016032218933105,1.3704488277435303
cause,3.9125518798828125,1.4219331741333008
liner,3.8662986755371094,1.3398573398590088
aider,3.72780179977417,1.3158174753189087
lathe,3.9275829792022705,1.3660377264022827
drone,3.933887481689453,1.3693056106567383
haste,3.927785634994507,1.3657926321029663
carol,3.79046630859375,1.3131464719772339
brace,3.9064855575561523,1.3468974828720093
prose,3.8898820877075195,1.3364300727844238
yeast,3.8468565940856934,1.316908836364746
clone,3.812062978744507,1.3103915452957153
snarl,4.191211223602295,1.4435371160507202
coast,3.734140396118164,1.4596996307373047
place,3.4583892822265625,0.9856069684028625
slain,3.9236292839050293,1.347558856010437
spear,3.8922903537750244,1.3287537097930908
flare,3.9045753479003906,1.3307204246520996
prone,3.8929836750030518,1.3243708610534668
spire,3.938690662384033,1.3464323282241821
realm,3.8500094413757324,1.306717872619629
beast,3.7596302032470703,1.3026161193847656
panel,3.772972345352173,1.475188970565796
range,3.4460160732269287,1.174547791481018
cairn,3.94059681892395,1.3413623571395874
pleat,3.944981813430786,1.3409557342529297
satin,3.8459770679473877,1.2997727394104004
cadet,3.9199023246765137,1.3271124362945557
meant,3.732361078262329,1.305142879486084
leash,3.9293155670166016,1.329382061958313
plier,3.9445812702178955,1.3340744972229004
layer,3.720921277999878,1.3628469705581665
stern,4.0886406898498535,1.3572756052017212
drape,3.941990613937378,1.3293362855911255
louse,3.7739877700805664,1.349568486213684
yearn,3.943784475326538,1.3284285068511963
urine,3.7926435470581055,1.3400284051895142
coral,3.8289411067962646,1.2861862182617188
tonal,3.9428958892822266,1.3244003057479858
ratio,3.8526766300201416,1.3171312808990479
slide,3.7166941165924072,1.3203457593917847
snort,4.13675594329834,1.3833686113357544
tribe,3.840261697769165,1.283398151397705
since,3.500776767730713,1.0090014934539795
clean,3.794093608856201,1.4751622676849365
resin,3.8742971420288086,1.2906180620193481
arson,3.9438865184783936,1.31849205493927
spore,3.946943998336792,1.3168283700942993
inert,3.944711446762085,1.3173325061798096
lager,3.944539785385132,1.316230058670044
snail,3.9404919147491455,1.314839482307434
cedar,3.8273658752441406,1.2744803428649902
curse,3.8946163654327393,1.294283390045166
talon,3.9465999603271484,1.3140976428985596
salon,3.822448492050171,1.2713935375213623
baler,3.951915740966797,1.3113136291503906
caper,3.9498913288116455,1.3115503787994385
triad,3.9435815811157227,1.3122665882110596
their,3.5428433418273926,1.0911149978637695
stage,3.840139865875244,1.4920333623886108
petal,3.949352264404297,1.3074088096618652
enact,3.947312355041504,1.3072062730789185
inlet,3.9133081436157227,1.292845606803894
price,3.3047354221343994,0.8559306263923645
cruel,3.9006314277648926,1.2852405309677124
early,3.6287314891815186,1.4180428981781006
trash,4.012172222137451,1.2808282375335693
laden,3.8698549270629883,1.269275188446045
smear,3.9499588012695312,1.3009120225906372
nurse,3.7624924182891846,1.2767999172210693
poise,3.8192553520202637,1.3817384243011475
merit,3.8681018352508545,1.2630523443222046
relay,3.839597225189209,1.2573641538619995
baste,3.9612739086151123,1.2910131216049194
islet,3.958709955215454,1.2916638851165771
inter,3.7817211151123047,1.2678717374801636
tease,3.8197855949401855,1.339920997619629
space,3.5088706016540527,1.2300134897232056
spite,3.906846284866333,1.2734572887420654
ramen,3.9621219635009766,1.2854762077331543
heist,3.961874485015869,1.2854348421096802
reach,3.815141201019287,1.4160706996917725
onset,3.922393798828125,1.2763200998306274
dance,3.8847315311431885,1.5013525485992432
those,3.492732286453247,1.000430941581726
safer,3.9000494480133057,1.2649927139282227
slope,3.8789544105529785,1.2557965517044067
cried,3.914919376373291,1.2706379890441895
erase,3.829031467437744,1.3462637662887573
tapir,3.9659202098846436,1.2806689739227295
pause,3.858658790588379,1.3865121603012085
sedan,3.910128116607666,1.2646631002426147
chase,3.832029104232788,1.2485945224761963
feast,3.9230146408081055,1.2688356637954712
peril,3.9608566761016846,1.2767829895019531
outer,3.8883934020996094,1.3798881769180298
haute,3.848576545715332,1.3854637145996094
utile,3.8418478965759277,1.3852912187576294
stein,3.9326679706573486,1.2678406238555908
slime,3.9651503562927246,1.2721959352493286
tilde,3.968937873840332,1.2705142498016357
grade,3.8955163955688477,1.5011624097824097
stain,3.9413814544677734,1.270021677017212
shine,3.899672031402588,1.2514821290969849
spiel,3.9666740894317627,1.2695186138153076
agile,3.851551055908203,1.3839880228042603
shalt,4.072040557861328,1.2944060564041138
FALSE,3.8427536487579346,1.4057612419128418
hotel,3.49002742767334,0.9537180066108704
chore,3.971005439758301,1.2629846334457397
penal,3.965238571166992,1.2642087936401367
regal,3.960505485534668,1.2648296356201172
farce,3.9705252647399902,1.2619503736495972
eclat,3.975079298019409,1.2595726251602173
shone,3.971585988998413,1.2598646879196167
water,3.5733089447021484,1.0498414039611816
trend,3.810572862625122,1.1163725852966309
brine,3.971518039703369,1.2585633993148804
cable,3.8465089797973633,1.5102858543395996
poser,3.968139410018921,1.2590620517730713
heard,3.8954062461853027,1.474595069885254
teach,3.7939939498901367,1.26860773563385
anode,3.854341983795166,1.3805590867996216
scone,3.9764204025268555,1.2553917169570923
plait,3.9773855209350586,1.25464928150177
afire,3.8524484634399414,1.3800729513168335
borne,3.956676483154297,1.2585009336471558
lease,3.9162588119506836,1.3597443103790283
grape,3.9546918869018555,1.2569373846054077
timer,3.8948135375976562,1.2396165132522583
taker,3.9762473106384277,1.250396728515625
drain,3.9122395515441895,1.2416486740112305
satyr,4.082576751708984,1.285710334777832
metal,3.9018449783325195,1.4946919679641724
droit,3.97588849067688,1.2495747804641724
smart,3.485137939453125,0.9743584990501404
grant,3.3717546463012695,0.9247130751609802
write,3.526555061340332,1.1756185293197632
tiger,3.821928024291992,1.2310588359832764
acute,3.9108142852783203,1.3760865926742554
polar,3.900142192840576,1.2362028360366821
delta,3.8487117290496826,1.3441740274429321
diner,3.9687414169311523,1.2459464073181152
bleat,3.9830281734466553,1.2414085865020752
smile,3.824575662612915,1.2260891199111938
crime,3.9030120372772217,1.4462924003601074
skate,3.9460620880126953,1.2411619424819946
smite,3.9843974113464355,1.2366896867752075
forte,3.9744629859924316,1.23915433883667
wrote,3.909876823425293,1.487147569656372
argue,3.9054901599884033,1.3727909326553345
elate,3.8678483963012695,1.403796672821045
artsy,4.058987140655518,1.2543379068374634
actor,3.819746732711792,1.2326583862304688
camel,3.8686070442199707,1.2227996587753296
remit,3.983271598815918,1.2282392978668213
terse,4.691190242767334,1.4683903455734253
scant,4.049432277679443,1.2434444427490234
cutie,3.8854713439941406,1.3715335130691528
sober,3.9807307720184326,1.2265745401382446
shade,3.9308104515075684,1.2312424182891846
slept,4.007517337799072,1.2107691764831543
chart,3.501704216003418,0.9724828600883484
grail,3.9869399070739746,1.2197837829589844
motel,3.9050889015197754,1.2240076065063477
purse,3.959461212158203,1.2326771020889282
stead,3.9912309646606445,1.215323567390442
phase,3.946054697036743,1.4505300521850586
feral,3.9911348819732666,1.2132500410079956
spine,3.965156078338623,1.23164963722229
anger,3.928226947784424,1.2248862981796265
cream,3.8812222480773926,1.3125702142715454
aside,3.934129238128662,1.3667216300964355
snide,3.9966983795166016,1.209372878074646
smote,3.996952533721924,1.2082912921905518
shape,3.885462999343872,1.3096122741699219
slave,3.8933119773864746,1.2168691158294678
angle,3.8541603088378906,1.2338500022888184
paint,3.875458002090454,1.2793821096420288
short,3.269073486328125,0.8513936400413513
nicer,3.9919252395629883,1.2088714838027954
plant,3.348975658416748,0.9039990305900574
cheat,3.908015251159668,1.2177165746688843
alike,3.9128737449645996,1.3649979829788208
leach,3.9919774532318115,1.2076581716537476
anime,4.018788814544678,1.4266496896743774
snipe,3.999037742614746,1.2017284631729126
loath,4.000959873199463,1.2008579969406128
lithe,4.001070022583008,1.2008219957351685
older,3.9464592933654785,1.4542276859283447
worse,3.8600382804870605,1.219325304031372
waste,3.9702553749084473,1.4533326625823975
shirt,3.434951066970825,0.9358745217323303
court,3.5732181072235107,1.154834270477295
heron,3.9945719242095947,1.20359468460083
spelt,4.0077595710754395,1.1940958499908447
prune,4.000243186950684,1.1988797187805176
miser,4.003077983856201,1.1966131925582886
swear,3.9865612983703613,1.2092273235321045
rainy,3.9904260635375977,1.2060474157333374
payer,3.996940851211548,1.2006703615188599
unite,3.9025168418884277,1.3628584146499634
goner,4.004913806915283,1.1944899559020996
ripen,4.004391193389893,1.1948076486587524
crave,3.9988162517547607,1.1988892555236816
pride,3.87334942817688,1.2141185998916626
crept,3.996671438217163,1.1827199459075928
relic,4.000914096832275,1.1968326568603516
pried,4.006106376647949,1.192725419998169
eater,3.923525810241699,1.4453750848770142
salty,3.9824001789093018,1.1716008186340332
death,3.8408641815185547,1.5176647901535034
acorn,3.9979300498962402,1.1976323127746582
stake,3.985961675643921,1.2169033288955688
glade,4.002139568328857,1.1941264867782593
molar,4.0050153732299805,1.1920907497406006
cider,3.9990451335906982,1.1963266134262085
sepia,3.8976478576660156,1.3606514930725098
stray,3.9639058113098145,1.1557340621948242
scent,3.9359192848205566,1.136276125907898
valet,3.998438835144043,1.1959537267684937
salve,4.0067644119262695,1.190721035003662
brute,4.0036797523498535,1.1918578147888184
lunar,3.9920570850372314,1.2015331983566284
recut,4.008799076080322,1.189168930053711
beard,3.994154930114746,1.1977020502090454
spade,4.002780437469482,1.1918020248413086
after,3.5058412551879883,0.9731165766716003
sleet,4.673366069793701,1.502990961074829
angel,3.928424835205078,1.2960377931594849
ready,3.926279067993164,1.4918742179870605
gloat,4.010172367095947,1.1876243352890015
boast,4.00534200668335,1.1897834539413452
chair,3.9822072982788086,1.4370406866073608
swore,4.008572101593018,1.1877622604370117
shame,3.9863176345825195,1.2143617868423462
drake,3.996835470199585,1.2003623247146606
carve,4.007771968841553,1.187788963317871
snake,3.976384162902832,1.2116998434066772
shoal,4.010205268859863,1.1865383386611938
harem,4.010292053222656,1.186431884765625
recap,3.9997923374176025,1.1911938190460205
metro,3.9201178550720215,1.2410521507263184
miner,4.002864360809326,1.1894354820251465
moral,3.922477960586548,1.2130159139633179
surge,3.9979448318481445,1.2051728963851929
grain,3.9442570209503174,1.2032184600830078
print,3.6439361572265625,0.9826825261116028
horde,4.0002946853637695,1.190352201461792
style,3.3040897846221924,0.8679187893867493
royal,3.9621355533599854,1.4420795440673828
spice,3.991321325302124,1.2102713584899902
blast,3.8044333457946777,1.0423747301101685
super,3.9143004417419434,1.4931623935699463
sport,3.351468801498413,0.8738988041877747
barge,4.0092034339904785,1.1848702430725098
blade,3.946800470352173,1.206812858581543
trove,4.012061595916748,1.183434009552002
glean,4.014194011688232,1.1823911666870117
unset,4.010699272155762,1.183992624282837
manor,3.997631311416626,1.208436131477356
decal,4.005314350128174,1.18632972240448
nadir,4.014481544494629,1.1816545724868774
crust,3.915827751159668,1.1064796447753906
flier,4.014209270477295,1.1813663244247437
maple,3.9675116539001465,1.20155930519104
cease,3.9784908294677734,1.4468536376953125
wrest,3.953225612640381,1.1324304342269897
email,3.950725555419922,1.778031826019287
smelt,3.9494073390960693,1.1291546821594238
groan,4.015161991119385,1.1804430484771729
untie,3.917635440826416,1.3502607345581055
strap,3.76896071434021,1.0231385231018066
crash,3.7191340923309326,1.0044643878936768
house,4.4540863037109375,1.9618744850158691
singe,4.017491340637207,1.1788301467895508
copse,4.017714023590088,1.1786141395568848
treat,4.330307960510254,1.3808197975158691
bloat,4.016816139221191,1.1789629459381104
comet,4.006576061248779,1.186316967010498
reset,4.4540324211120605,1.4250415563583374
gruel,4.0182204246521,1.1780304908752441
brain,4.0064496994018555,1.3592522144317627
roach,4.007005214691162,1.1855090856552124
rifle,4.006403923034668,1.1962761878967285
rouge,3.944371223449707,1.3460538387298584
abort,4.011955261230469,1.1807425022125244
sweat,4.006971836090088,1.1933449506759644
fetal,4.007582187652588,1.1856588125228882
filet,4.016897678375244,1.1781020164489746
reign,4.0078558921813965,1.1873865127563477
steam,3.9787871837615967,1.2065010070800781
agent,3.944720983505249,1.457624077796936
avert,4.016641139984131,1.1777063608169556
chose,3.9905855655670166,1.2035125494003296
crude,4.008631706237793,1.1950489282608032
rayon,4.0163068771362305,1.1775662899017334
splat,3.9327783584594727,1.1119532585144043
taken,3.8429207801818848,1.4877537488937378
pulse,3.9820852279663086,1.2435775995254517
ulcer,4.014837741851807,1.1780287027359009
spent,3.5038866996765137,0.9079797863960266
tidal,4.010964870452881,1.1796642541885376
prime,3.99607515335083,1.3900880813598633
gayer,4.021024227142334,1.1747188568115234
opera,3.9749274253845215,1.3269195556640625
tower,3.9888269901275635,1.251338243484497
hoist,4.018103122711182,1.1754982471466064
facet,4.01677942276001,1.1760646104812622
labor,3.998156785964966,1.3837202787399292
plain,3.990173816680908,1.2678322792053223
sower,4.021880149841309,1.17344331741333
guile,3.9347293376922607,1.344242811203003
alive,3.9721789360046387,1.3268963098526
skier,4.019110202789307,1.174421787261963
debar,4.022757530212402,1.1726627349853516
torus,4.020840644836426,1.173483967781067
giant,4.001222610473633,1.2361319065093994
ultra,3.9974629878997803,1.2562650442123413
staid,4.022663116455078,1.172315001487732
trite,4.638492584228516,1.521840214729309
cameo,3.9391627311706543,1.3432260751724243
dream,4.01220703125,1.348570466041565
serif,4.014791965484619,1.1755720376968384
stave,4.022581577301025,1.1718645095825195
frame,3.976006507873535,1.4187544584274292
force,3.8960087299346924,1.5071182250976562
olden,4.023678779602051,1.1706898212432861
refit,4.024301528930664,1.1703308820724487
idler,4.023910999298096,1.1702804565429688
decor,4.013225555419922,1.2163238525390625
rogue,3.9500677585601807,1.3364887237548828
credo,4.024015426635742,1.1698665618896484
radio,4.144883632659912,1.2008273601531982
frail,4.023202419281006,1.170034408569336
repay,4.0186591148376465,1.1720926761627197
adorn,4.024407863616943,1.1693352460861206
erupt,4.025203227996826,1.1689114570617676
bread,4.0227742195129395,1.2230913639068604
bathe,4.024484634399414,1.169145941734314
pedal,4.017457008361816,1.1818374395370483
plied,4.025688171386719,1.1685131788253784
baron,4.017684459686279,1.180355429649353
thorn,3.887037754058838,1.0701820850372314
gripe,4.024463653564453,1.16900634765625
amuse,3.942629337310791,1.3394674062728882
flair,4.018531799316406,1.1717009544372559
other,3.9729254245758057,1.3993051052093506
raven,4.018589019775391,1.1854426860809326
sloth,3.9054460525512695,1.0795390605926514
pecan,4.023446559906006,1.1683690547943115
hoard,4.026517391204834,1.1668955087661743
bride,4.04313850402832,1.219954013824463
gamer,4.020774841308594,1.176315188407898
elite,3.964111804962158,1.326066493988037
ocean,4.017000198364258,1.3638397455215454
shied,4.0291242599487305,1.1648274660110474
mealy,4.029077529907227,1.1648410558700562
filer,4.026899337768555,1.1655622720718384
easel,4.021629810333252,1.4090803861618042
craft,3.6678359508514404,0.9599776864051819
stand,3.4306304454803467,0.9056589007377625
dirge,4.028570652008057,1.1645805835723877
boule,3.946110248565674,1.334390640258789
trawl,3.9076809883117676,1.080413818359375
eaten,4.008801460266113,1.387998104095459
grope,4.0297112464904785,1.1639364957809448
mouse,4.018504619598389,1.3680510520935059
rivet,4.027767658233643,1.1647937297821045
apron,4.023342132568359,1.1668717861175537
retch,3.922628402709961,1.0847173929214478
dairy,4.052102565765381,1.222529411315918
tuber,4.030163288116455,1.1631190776824951
latte,4.561814308166504,1.4491851329803467
snout,4.030316352844238,1.1628888845443726
towel,4.023702144622803,1.183168649673462
moist,4.024618625640869,1.1684515476226807
story,3.756869316101074,1.118259310722351
blame,4.049674034118652,1.216346025466919
opine,3.948152542114258,1.3317995071411133
creak,4.031403541564941,1.162015676498413
shorn,3.922333002090454,1.0854045152664185
matey,4.0316853523254395,1.1617391109466553
scorn,3.9098000526428223,1.082578182220459
point,3.8437657356262207,1.1994390487670898
ideal,4.021811008453369,1.3418444395065308
guise,3.9504263401031494,1.3299908638000488
plead,4.02754020690918,1.163412094116211
chant,3.891897678375244,1.0750155448913574
spilt,3.921905755996704,1.0857932567596436
noble,4.060747146606445,1.2341476678848267
meaty,4.031026840209961,1.161588191986084
ashen,4.032044410705566,1.1610466241836548
ounce,3.956747055053711,1.326005458831787
delay,4.070553779602051,1.257340669631958
waist,4.027716159820557,1.1829719543457031
pesto,4.031589508056641,1.160499095916748
diary,4.072366714477539,1.2435909509658813
tense,4.512572288513184,1.4105966091156006
state,4.184394836425781,1.736618995666504
bluer,4.0341033935546875,1.1589045524597168
steer,4.51341438293457,1.4091823101043701
party,3.7687973976135254,1.1247007846832275
terra,4.482539176940918,1.3908026218414307
ankle,4.02901029586792,1.1755300760269165
tardy,3.9263360500335693,1.0882115364074707
clout,4.032912731170654,1.1585217714309692
grime,4.033923149108887,1.1577130556106567
solid,4.009103298187256,1.3327038288116455
scary,3.8118128776550293,1.0339438915252686
brake,4.080622673034668,1.231889009475708
shard,3.9290261268615723,1.0891464948654175
pilot,4.095746994018555,1.2601125240325928
probe,4.084846019744873,1.235580325126648
taste,4.384359836578369,1.4051753282546997
daunt,4.037209987640381,1.1552984714508057
broil,4.035495281219482,1.1559319496154785
hairy,4.102575778961182,1.26044762134552
twine,4.0361552238464355,1.15534508228302
sugar,4.104464530944824,1.2634025812149048
swine,4.033369064331055,1.1593348979949951
ascot,4.034266948699951,1.1560810804367065
wiser,4.034736156463623,1.1556702852249146
cigar,4.0376739501953125,1.174772024154663
scope,4.101344585418701,1.265929937362671
serum,4.05587911605835,1.1952043771743774
weary,4.034367561340332,1.1588976383209229
clash,3.8546230792999268,1.0612585544586182
float,4.0863494873046875,1.227846622467041
whale,4.059103012084961,1.1963821649551392
finer,4.035244941711426,1.1573686599731445
naive,3.96216082572937,1.3169373273849487
nosey,4.039098739624023,1.1527189016342163
reuse,3.998271942138672,1.3395689725875854
abuse,4.021492004394531,1.355541467666626
trait,4.499151229858398,1.3774150609970093
choir,4.055593967437744,1.1885063648223877
ranch,3.737586259841919,0.9992890954017639
voter,4.054120063781738,1.1858989000320435
posit,4.039251804351807,1.1520137786865234
savor,4.038544178009033,1.152172565460205
frost,3.809471607208252,1.037822961807251
medal,4.085299491882324,1.2175779342651367
octal,4.039013862609863,1.1514405012130737
patio,3.9776411056518555,1.3066270351409912
faint,4.037750720977783,1.1612293720245361
intro,4.117595672607422,1.2525233030319214
sneer,4.523632049560547,1.3833458423614502
organ,4.100064754486084,1.2324345111846924
lower,3.926180839538574,1.4660465717315674
solve,4.123771667480469,1.2581956386566162
phone,3.8205156326293945,1.1390693187713623
north,3.6593832969665527,0.9923015236854553
ovate,3.9619603157043457,1.3144830465316772
chest,3.691495180130005,0.973120391368866
count,4.004930019378662,1.3265268802642822
slang,3.900190591812134,1.084862470626831
shake,4.081141948699951,1.208316445350647
prude,4.042807579040527,1.1483778953552246
torch,3.8637678623199463,1.069586157798767
haunt,4.040490627288818,1.151221513748169
scree,4.520062446594238,1.3744621276855469
clued,4.042872428894043,1.1481947898864746
ridge,4.136096000671387,1.2684038877487183
orbit,4.071043968200684,1.1930079460144043
clasp,3.913465738296509,1.091223955154419
ample,4.050092697143555,1.168941855430603
spied,4.042281150817871,1.1483591794967651
rebut,4.042789936065674,1.1479381322860718
entry,3.559979200363159,0.9463532567024231
scour,4.042728900909424,1.1474394798278809
melon,4.042263031005859,1.151839256286621
strip,3.61283802986145,0.928240954875946
steel,4.071373462677002,1.238563060760498
cargo,4.121507167816162,1.2427529096603394
glide,4.043116569519043,1.1539905071258545
wrist,3.8094425201416016,1.0419834852218628
three,4.0563201904296875,1.3313615322113037
bagel,4.0431389808654785,1.1483482122421265
groin,4.043322563171387,1.14817476272583
crony,3.9549684524536133,1.098179817199707
split,3.5926122665405273,0.9167950749397278
craze,4.044137954711914,1.148498773574829
irony,4.051546573638916,1.159862756729126
stark,3.8668899536132812,1.0729089975357056
mince,4.044963836669922,1.145018219947815
worst,3.635645866394043,0.9416981339454651
front,3.494497776031494,0.9223082661628723
piano,4.013491630554199,1.290348768234253
board,3.8916618824005127,1.214677095413208
stoke,4.0573554039001465,1.163964867591858
peach,4.070878982543945,1.1791613101959229
sharp,3.5200791358947754,0.8751869797706604
steak,4.076455116271973,1.1845165491104126
grout,4.0457000732421875,1.1456842422485352
spoil,4.0491557121276855,1.1519460678100586
homer,4.077608108520508,1.1834269762039185
grave,4.103553295135498,1.2124836444854736
basil,4.064021587371826,1.1669009923934937
guest,3.9403293132781982,1.3779726028442383
aloft,4.047109603881836,1.1440057754516602
marsh,3.833420515060425,1.0588207244873047
chute,4.0482497215271,1.1462100744247437
coupe,3.9804887771606445,1.298671841621399
tarot,4.50987434387207,1.3868370056152344
first,3.472351312637329,0.7052407264709473
setup,4.123956203460693,1.2843724489212036
suave,3.9708783626556396,1.3035647869110107
mange,4.048147678375244,1.1420068740844727
daily,3.840219020843506,1.295416235923767
baton,4.082345485687256,1.1836352348327637
flirt,3.9135079383850098,1.094815731048584
scaly,3.9608352184295654,1.1015206575393677
track,3.625062942504883,1.0738292932510376
model,3.9710402488708496,1.2538822889328003
fried,4.087245464324951,1.1856400966644287
uncle,4.1242451667785645,1.226961374282837
adept,4.06193733215332,1.1555218696594238
truly,3.561857223510742,0.8998965620994568
deity,4.059490203857422,1.1519893407821655
tonic,4.061022758483887,1.1534632444381714
align,4.100622653961182,1.198233962059021
acrid,4.050257682800293,1.1397557258605957
flame,4.133513927459717,1.2324159145355225
tramp,3.940382480621338,1.0997542142868042
scald,3.9704301357269287,1.1039724349975586
arena,4.040645599365234,1.2863843441009521
corny,3.9622578620910645,1.1028920412063599
lemur,4.0554423332214355,1.142107367515564
sonic,4.123682975769043,1.2189831733703613
scrap,3.8708314895629883,1.0781282186508179
curio,3.9752211570739746,1.2983683347702026
braid,4.063455104827881,1.149903416633606
berth,3.9432485103607178,1.1006361246109009
lemon,4.146455764770508,1.2404296398162842
token,4.110693454742432,1.2015680074691772
sinew,4.056808948516846,1.1402801275253296
sneak,4.078355312347412,1.1644799709320068
upset,4.110146999359131,1.200269103050232
depot,4.157813549041748,1.2489910125732422
navel,4.071897983551025,1.156116008758545
twice,4.159337520599365,1.2906947135925293
scion,4.079215049743652,1.164268970489502
draft,3.468916416168213,0.8619090914726257
minor,4.075006484985352,1.2809085845947266
cower,4.059157848358154,1.1408189535140991
daisy,4.1076765060424805,1.1959015130996704
chain,4.024961948394775,1.2668077945709229
claim,4.012521266937256,1.2870644330978394
grand,3.4727931022644043,0.902710497379303
broad,4.1506452560424805,1.2926760911941528
plaid,4.0770039558410645,1.1585474014282227
lover,4.155978679656982,1.2439594268798828
brave,4.111840724945068,1.1974414587020874
begat,4.063504695892334,1.142378807067871
flute,4.102208137512207,1.1852470636367798
abide,3.985340118408203,1.2907373905181885
storm,3.5482420921325684,0.8928050398826599
latch,3.926901340484619,1.0997662544250488
nasty,3.7906460762023926,1.0356550216674805
valor,4.076998710632324,1.1539171934127808
there,3.618175506591797,1.0552277565002441
mural,4.078780174255371,1.155840277671814
title,4.035496234893799,1.2811940908432007
tango,4.094181060791016,1.1710718870162964
rapid,4.171828746795654,1.2954812049865723
spurt,3.973604917526245,1.106940507888794
spray,3.6491847038269043,0.951225221157074
antic,4.0712890625,1.1431163549423218
mayor,4.20138692855835,1.2937175035476685
rhino,4.095727920532227,1.170270323753357
audit,4.031971454620361,1.2837108373641968
sadly,3.873854160308838,1.0794087648391724
croak,4.073132514953613,1.1435911655426025
lodge,4.155215740203857,1.29632568359375
flora,4.1188645362854,1.1940487623214722
inept,4.077561378479004,1.1470023393630981
usage,4.027401924133301,1.285301923751831
adult,3.8517909049987793,1.3054254055023193
value,4.485357761383057,1.7501260042190552
abled,4.0753607749938965,1.1434760093688965
brash,3.972511053085327,1.1075551509857178
crisp,3.875591993331909,1.080111026763916
oaken,3.9883995056152344,1.2923327684402466
mason,4.176152229309082,1.2501182556152344
stoic,4.078319549560547,1.145338535308838
soapy,4.079046726226807,1.1457451581954956
fecal,4.087177276611328,1.1538876295089722
wager,4.090662479400635,1.157593011856079
gaunt,4.080833435058594,1.1463425159454346
macro,4.185135364532471,1.256192684173584
spree,4.565105438232422,1.394802451133728
erect,4.561175346374512,1.3991159200668335
greet,4.563137054443359,1.3980212211608887
edict,4.083420753479004,1.1471482515335083
skirt,3.7428133487701416,1.0081908702850342
fable,4.0967302322387695,1.1614601612091064
agree,4.0407891273498535,1.2229664325714111
foist,4.081733226776123,1.1437838077545166
abode,3.9879326820373535,1.2871618270874023
liver,4.217386245727539,1.2862300872802734
ralph,3.6996357440948486,0.9822494387626648
along,3.8793892860412598,1.363392949104309
angst,3.9544291496276855,1.106379508972168
grasp,3.8944969177246094,1.0891698598861694
shave,4.108461856842041,1.1717805862426758
brand,3.659822463989258,0.9963362812995911
today,3.9301886558532715,1.223748803138733
south,3.930986166000366,1.2231625318527222
stony,3.9340932369232178,1.1022448539733887
dunce,4.0863800048828125,1.1450104713439941
amber,4.210488796234131,1.2731969356536865
cagey,4.086888790130615,1.1446468830108643
scout,4.146657943725586,1.2116838693618774
scalp,3.952695369720459,1.1058671474456787
crawl,3.9064629077911377,1.095003604888916
glint,3.986468553543091,1.1115785837173462
tepid,4.090473651885986,1.1466456651687622
carat,4.559078216552734,1.407475471496582
under,3.849851608276367,1.2273828983306885
amble,4.09218168258667,1.1461445093154907
straw,3.8796074390411377,1.081169605255127
stalk,3.9677720069885254,1.1086281538009644
verso,4.099708080291748,1.1534206867218018
surly,3.986686944961548,1.1123368740081787
poesy,4.094654560089111,1.145753264427185
aloud,3.9954593181610107,1.27838134765625
shout,4.132720470428467,1.1885677576065063
third,3.621152877807617,0.982293426990509
chard,3.985275983810425,1.1117528676986694
tiara,4.067989826202393,1.2819433212280273
peace,4.043909549713135,1.2171707153320312
tonga,4.143520355224609,1.1982347965240479
cobra,4.14004373550415,1.1939083337783813
lunge,4.099489688873291,1.147773027420044
piney,4.102225303649902,1.1500402688980103
honey,4.205561637878418,1.2620539665222168
beret,4.594699859619141,1.4020986557006836
reply,3.7835166454315186,1.1362826824188232
adobe,4.027392387390137,1.2749996185302734
noisy,4.137671947479248,1.1869854927062988
scram,3.997805118560791,1.1138416528701782
crier,4.595998287200928,1.403130292892456
altar,4.563892364501953,1.4028884172439575
loose,4.032804012298584,1.2589061260223389
chide,4.103975772857666,1.1471713781356812
stove,4.141490459442139,1.1893783807754517
unlit,4.1047210693359375,1.1475474834442139
randy,3.7833383083343506,1.0351393222808838
patsy,3.9703969955444336,1.1077325344085693
round,3.938483476638794,1.3621776103973389
gaily,4.107115745544434,1.1482540369033813
fault,4.228971004486084,1.303372859954834
cloth,3.750967025756836,1.0156571865081787
tumor,4.183008193969727,1.2304437160491943
racer,4.542263507843018,1.3987268209457397
weird,4.218090534210205,1.2836004495620728
crank,3.9362850189208984,1.1003360748291016
rehab,4.17006254196167,1.2179824113845825
drive,3.928788185119629,1.2468547821044922
piety,4.114141464233398,1.1537138223648071
palsy,3.961153268814087,1.1054471731185913
basin,4.211280345916748,1.271010398864746
covet,4.112123489379883,1.1498379707336426
moult,4.111246109008789,1.148329496383667
purge,4.12457275390625,1.1625982522964478
maker,4.213595867156982,1.3146817684173584
deter,4.569933891296387,1.4005935192108154
wrath,3.9291083812713623,1.0983318090438843
parer,4.602958679199219,1.4048808813095093
sheer,4.481284141540527,1.3894836902618408
saucy,4.117245674133301,1.1530215740203857
eagle,4.031406879425049,1.2503533363342285
image,4.54536771774292,1.9052672386169434
forge,4.165116786956787,1.2053688764572144
halve,4.117223262786865,1.1507865190505981
liken,4.116231918334961,1.1496107578277588
cover,3.87202787399292,1.2742472887039185
burst,3.8589603900909424,1.0701791048049927
start,4.392640590667725,1.5165627002716064
perch,3.9702377319335938,1.1065701246261597
tract,4.360036849975586,0.9853538870811462
chaos,4.199576377868652,1.2487092018127441
erode,4.106345176696777,1.2935636043548584
wheat,4.199990272521973,1.2490960359573364
guilt,4.155080318450928,1.1886160373687744
sheet,4.04455041885376,1.1968251466751099
lurid,4.122653007507324,1.151456356048584
drove,4.173880577087402,1.2097032070159912
slurp,3.9956324100494385,1.1114284992218018
truer,4.589195251464844,1.4001643657684326
enter,4.006931781768799,1.1760542392730713
gleam,4.126697063446045,1.1532981395721436
leafy,4.130682945251465,1.1571940183639526
grunt,3.993436336517334,1.1106222867965698
toast,4.531465530395508,1.3914806842803955
debit,4.169416904449463,1.2003554105758667
overt,4.133389949798584,1.1591898202896118
lumen,4.1319074630737305,1.1574347019195557
grief,4.169026851654053,1.1995266675949097
owner,3.9204983711242676,1.3074480295181274
clove,4.131984710693359,1.1573371887207031
voice,4.014121055603027,1.1926672458648682
olive,4.027260780334473,1.267271876335144
felon,4.130061149597168,1.1541365385055542
chafe,4.127915382385254,1.1512104272842407
robin,4.220914363861084,1.2856649160385132
blurt,4.011441230773926,1.1141047477722168
viral,4.182244300842285,1.2158308029174805
caput,4.128554344177246,1.1511785984039307
shrew,4.002472400665283,1.1121512651443481
threw,3.8819918632507324,1.080458402633667
graft,3.966176748275757,1.1042732000350952
screw,3.7902567386627197,1.0383750200271606
cleft,3.9910669326782227,1.1094696521759033
fruit,4.170599460601807,1.3072608709335327
twirl,4.008538722991943,1.1131212711334229
baker,4.237513065338135,1.3232066631317139
prove,4.227939605712891,1.3213157653808594
clerk,3.712292432785034,0.9947454333305359
golem,4.137310028076172,1.155704140663147
amend,4.196523189544678,1.240606427192688
while,4.016758918762207,1.2930275201797485
beach,3.9589927196502686,1.2453638315200806
raspy,4.014969348907471,1.1139483451843262
rabid,4.142107963562012,1.158012866973877
donut,4.144546985626221,1.160502314567566
clang,4.013156890869141,1.1133975982666016
riser,4.558812618255615,1.391008734703064
niche,4.175395488739014,1.1951931715011597
until,4.071505069732666,1.2976162433624268
fairy,4.18758487701416,1.223831295967102
swirl,3.9802157878875732,1.1063896417617798
brunt,4.004617691040039,1.111409068107605
corer,4.571509838104248,1.391687273979187
preen,4.571838855743408,1.3914721012115479
sandy,3.753404378890991,1.020436406135559
eager,4.115846157073975,1.2921396493911743
dirty,3.6320641040802,0.9463871121406555
unmet,4.148730754852295,1.158781886100769
money,4.059881210327148,1.3039214611053467
decay,4.178910732269287,1.2062709331512451
thief,4.173290729522705,1.1850855350494385
globe,4.243384838104248,1.3249788284301758
media,4.564455032348633,2.0774333477020264
spout,4.154602527618408,1.162650227546692
broke,4.217648983001709,1.2769328355789185
inlay,4.15630578994751,1.1634749174118042
aunty,4.15006685256958,1.1556344032287598
white,4.0401387214660645,1.2881040573120117
asset,4.242153644561768,1.2988923788070679
break,3.939833879470825,1.23796808719635
shunt,4.006817817687988,1.1105883121490479
built,3.94181489944458,1.3121519088745117
pansy,4.013194561004639,1.111782193183899
knelt,4.013689041137695,1.1117161512374878
infer,4.162315368652344,1.1656850576400757
aorta,4.158526420593262,1.308210849761963
broth,3.9852285385131836,1.1060396432876587
whole,3.899333953857422,1.2813228368759155
stank,4.026268005371094,1.113842248916626
sperm,3.853750228881836,1.0669900178909302
loamy,4.154735565185547,1.1553577184677124
yield,4.245582103729248,1.3279109001159668
gland,3.9466958045959473,1.0976953506469727
cheap,3.9068641662597656,1.2181655168533325
bilge,4.1589484214782715,1.1585934162139893
fresh,3.513784646987915,0.8582561612129211
tubal,4.160693168640137,1.1603221893310547
leaky,4.161850929260254,1.161295771598816
hinge,4.171780109405518,1.1734155416488647
biome,4.124238967895508,1.3135071992874146
mourn,4.164223670959473,1.1628665924072266
wider,4.203640460968018,1.2498912811279297
lousy,4.16798734664917,1.166433572769165
brief,4.088451385498047,1.2656892538070679
burnt,3.9282004833221436,1.0933259725570679
power,4.0612053871154785,1.3442282676696777
retro,4.405882835388184,1.3558733463287354
wince,4.1656494140625,1.162487268447876
nerdy,4.019165515899658,1.111636996269226
ester,4.522858142852783,1.378931999206543
china,4.2418107986450195,1.3765796422958374
taint,4.544945240020752,1.380821704864502
deign,4.160414218902588,1.155785322189331
chime,4.170384407043457,1.1669878959655762
habit,4.180668830871582,1.2080297470092773
pasty,4.026834487915039,1.112931251525879
cabin,4.20344877243042,1.2489306926727295
stork,4.010466575622559,1.109683871269226
foyer,4.170260906219482,1.166426420211792
surer,4.549839973449707,1.3782520294189453
sound,3.9483702182769775,1.2248814105987549
boney,4.166586875915527,1.159698247909546
usher,4.181835651397705,1.209584355354309
exalt,4.165569305419922,1.1574877500534058
pinto,4.170504093170166,1.1675595045089722
relax,4.209879398345947,1.2599952220916748
warty,4.035240173339844,1.1136600971221924
fibre,4.183974266052246,1.2127842903137207
slack,3.97233510017395,1.1016485691070557
poker,4.262522220611572,1.3837581872940063
panic,4.193084716796875,1.2291048765182495
rival,4.178332328796387,1.2023640871047974
horny,3.7158617973327637,0.9930378794670105
sleep,4.122119903564453,1.232171893119812
sling,3.983884572982788,1.1033498048782349
shark,3.8620097637176514,1.0700302124023438
novel,4.196957111358643,1.318790078163147
whose,3.967658519744873,1.2014468908309937
puree,4.166991710662842,1.303743600845337
drawl,4.039222240447998,1.1136053800582886
ladle,4.53237771987915,1.3724966049194336
march,3.9127159118652344,1.2968437671661377
modal,4.169608116149902,1.1711517572402954
heady,4.16451358795166,1.154057502746582
final,3.9478070735931396,1.2170135974884033
flake,4.165816307067871,1.1590526103973389
drank,3.9832358360290527,1.102744698524475
croup,4.162862300872803,1.1494896411895752
foray,4.163670539855957,1.1532870531082153
urban,4.025479793548584,1.2255250215530396
mercy,3.8440911769866943,1.0589290857315063
hyena,4.161417484283447,1.148223638534546
guard,4.205409526824951,1.3215893507003784
mount,4.0433030128479,1.2339831590652466
these,4.098452568054199,1.498468279838562
adopt,4.227627277374268,1.2910975217819214
meter,4.17589807510376,1.261941909790039
genre,4.180677890777588,1.264618158340454
began,4.024812698364258,1.2228280305862427
decry,4.041008472442627,1.1129541397094727
often,3.920517921447754,1.2154849767684937
mirth,4.035379886627197,1.11178719997406
glory,3.706146001815796,0.9831221699714661
fiery,4.163638114929199,1.163156270980835
login,4.217451095581055,1.3567230701446533
repel,4.525356292724609,1.3659329414367676
flint,3.9417974948883057,1.0921489000320435
roost,4.521162509918213,1.3663595914840698
hasty,4.026248455047607,1.1096895933151245
dowel,4.156186580657959,1.1405640840530396
aptly,4.029996871948242,1.1103488206863403
scarf,3.9439613819122314,1.0923500061035156
gavel,4.155431270599365,1.139934778213501
rusty,3.9574241638183594,1.0950188636779785
demur,4.153339862823486,1.1345479488372803
drier,4.517601013183594,1.3642902374267578
prank,4.025407791137695,1.1083543300628662
cramp,4.039678573608398,1.1113229990005493
faith,4.0563578605651855,1.2337853908538818
scold,4.048028469085693,1.112847089767456
creed,4.465583324432373,1.3595515489578247
sworn,3.975949287414551,1.0974960327148438
charm,3.7652711868286133,1.0146437883377075
inane,4.174630641937256,1.2975170612335205
wafer,4.156365394592285,1.1502251625061035
spend,3.583468437194824,0.8880910277366638
plume,4.15493631362915,1.1459872722625732
guide,4.5130462646484375,2.024153470993042
bland,4.002143383026123,1.1022543907165527
girth,4.039508819580078,1.1101123094558716
spike,4.17424201965332,1.1942411661148071
trick,3.8222403526306152,1.042208194732666
niece,4.170137405395508,1.2943737506866455
cloak,4.154207706451416,1.1462429761886597
rebus,4.149285793304443,1.1298575401306152
dense,4.429409503936768,1.3524402379989624
tulip,4.155815601348877,1.1557222604751587
crush,3.9408552646636963,1.0884236097335815
shaft,3.866565227508545,1.0630320310592651
troll,4.346269130706787,0.9358034729957581
flyer,3.883866310119629,1.0714068412780762
elect,4.418260097503662,1.346874475479126
grove,4.247002124786377,1.3243210315704346
vault,4.175384521484375,1.1962939500808716
elide,4.183387279510498,1.2978529930114746
crepe,4.510040283203125,1.3578096628189087
spurn,4.061341285705566,1.1114559173583984
could,4.030735969543457,1.3696339130401611
azure,4.193385124206543,1.3235145807266235
curve,4.217998027801514,1.2724463939666748
tangy,4.053662300109863,1.1094921827316284
scene,4.1345062255859375,1.221872091293335
ombre,4.142014980316162,1.1191565990447998
graze,4.142399787902832,1.1206320524215698
salvo,4.141849994659424,1.1204763650894165
gonad,4.139307022094727,1.114034652709961
noose,4.1867475509643555,1.2963054180145264
rearm,4.523817539215088,1.3507276773452759
leper,4.520130157470703,1.351325511932373
vital,4.233644962310791,1.3004716634750366
whine,4.14069128036499,1.121553659439087
dicey,4.137942314147949,1.1124943494796753
drift,3.943028450012207,1.084673285484314
manly,4.030155658721924,1.1014479398727417
haven,4.207862854003906,1.2545461654663086
badge,4.173951625823975,1.1942689418792725
drawn,3.7001500129699707,0.9697719216346741
bacon,4.166751384735107,1.1813238859176636
green,4.030170440673828,1.115222454071045
elfin,4.134583473205566,1.1081980466842651
allot,4.511998653411865,1.3477224111557007
sheen,4.494739055633545,1.3506171703338623
clank,4.069087028503418,1.1073708534240723
about,2.508955478668213,0.6726400256156921
otter,4.481515884399414,1.3512030839920044
birth,3.565943956375122,0.8612266182899475
freak,4.151144504547119,1.1535927057266235
gnome,4.21575927734375,1.268479585647583
denim,4.156369209289551,1.163023591041565
total,3.9550061225891113,1.2131348848342896
prism,3.9939193725585938,1.0896121263504028
demon,4.154818534851074,1.1603074073791504
elder,4.375937461853027,1.3164715766906738
chord,3.979965925216675,1.0867137908935547
diver,4.13686466217041,1.1285072565078735
froth,4.074723720550537,1.1066014766693115
hover,4.133588790893555,1.1171865463256836
mower,4.133641242980957,1.1174598932266235
amity,4.131072044372559,1.1073458194732666
curly,4.010412693023682,1.0920602083206177
tunic,4.131217002868652,1.1088212728500366
flour,4.15806770324707,1.1664011478424072
tulle,4.508069038391113,1.3407840728759766
spark,3.9272217750549316,1.077129602432251
siege,4.187108039855957,1.2892391681671143
spoke,4.203417778015137,1.2466026544570923
hotly,4.074512481689453,1.106633186340332
coven,4.129471778869629,1.104411244392395
speak,4.124436378479004,1.2501425743103027
micro,4.210051536560059,1.2992620468139648
proud,4.236685276031494,1.3044016361236572
blend,3.8117616176605225,1.0237312316894531
algae,4.192900657653809,1.290053367614746
ethos,4.130352973937988,1.1103848218917847
ovine,4.247352600097656,1.3365720510482788
patch,3.559720516204834,0.8539466261863708
aware,4.083378314971924,1.2258037328720093
leery,4.508765697479248,1.3359899520874023
angry,3.8240549564361572,1.028484582901001
creep,4.469653129577637,1.3423209190368652
elope,4.209434509277344,1.2947089672088623
girly,4.066265106201172,1.1044141054153442
dwelt,4.075403690338135,1.1071007251739502
vicar,4.129303455352783,1.109598159790039
slink,4.08610725402832,1.110243320465088
gnash,4.090679168701172,1.1115840673446655
topic,4.267336845397949,1.389930248260498
grind,4.013248443603516,1.0890138149261475
cloud,4.194907188415527,1.231530785560608
binge,4.129063129425049,1.1099298000335693
shove,4.129014492034912,1.1099181175231934
slimy,4.083251953125,1.1094833612442017
stall,4.342719554901123,0.9608350396156311
field,4.290380001068115,1.3693467378616333
agate,4.208762168884277,1.2920764684677124
prawn,4.078886032104492,1.1082431077957153
shiny,3.9937515258789062,1.0845139026641846
neigh,4.127362251281738,1.1043715476989746
flash,3.744645118713379,0.9931713938713074
fiber,4.2204203605651855,1.269486665725708
beady,4.127048015594482,1.1032919883728027
visor,4.130570411682129,1.1190513372421265
voila,4.262894153594971,1.3382729291915894
manic,4.129699230194092,1.1154848337173462
buyer,4.005270481109619,1.1729607582092285
wreak,4.12711763381958,1.105478286743164
torso,4.46560525894165,1.3354570865631104
tempo,4.140439033508301,1.135990858078003
hardy,3.9473793506622314,1.0747838020324707
incur,4.131315231323242,1.1208995580673218
rupee,4.200901031494141,1.286634922027588
focal,4.156952857971191,1.1650726795196533
touch,4.06317138671875,1.1954814195632935
lapel,4.47988224029541,1.3317914009094238
creme,4.466804504394531,1.3346774578094482
impel,4.126152515411377,1.103607416152954
turbo,4.184349060058594,1.2121788263320923
porch,3.9922878742218018,1.0847892761230469
fetid,4.125811576843262,1.1036293506622314
ghost,3.7443926334381104,0.9853054881095886
briny,4.100100517272949,1.1146862506866455
bloke,4.1269426345825195,1.1099011898040771
cavil,4.125437259674072,1.1033052206039429
primo,4.127136707305908,1.111236810684204
apart,4.239801406860352,1.2576344013214111
dopey,4.125619888305664,1.1046037673950195
belie,4.224303722381592,1.2929165363311768
wield,4.126101970672607,1.1068472862243652
forth,3.6971349716186523,0.9477739930152893
cyber,3.8368749618530273,1.027608871459961
egret,4.495770454406738,1.3272130489349365
locus,4.137947082519531,1.1331202983856201
swath,4.090818405151367,1.1120765209197998
rebel,4.383877754211426,1.3091754913330078
bison,4.131387233734131,1.122333288192749
abate,4.224697113037109,1.2916667461395264
graph,3.7414565086364746,0.9806099534034729
flesh,3.8994524478912354,1.0571558475494385
tipsy,4.096345901489258,1.1114554405212402
betel,4.501739025115967,1.3252174854278564
steed,4.489527225494385,1.3276546001434326
cheer,4.432355880737305,1.3290175199508667
churn,4.08443546295166,1.1081788539886475
stack,3.804900646209717,1.0097246170043945
sting,4.020814895629883,1.0927406549453735
alley,4.417177200317383,1.322251558303833
midst,4.004164695739746,1.0889079570770264
crypt,3.825209856033325,1.103542685508728
flout,4.123618125915527,1.104405403137207
stamp,3.833571195602417,1.0216923952102661
ruler,4.449479103088379,1.3348944187164307
blunt,3.9817795753479004,1.0835115909576416
vaunt,4.123345851898193,1.1039707660675049
beset,4.497093200683594,1.32504403591156
liege,4.231926441192627,1.290421724319458
harpy,4.101947784423828,1.1080070734024048
hovel,4.123312950134277,1.104559063911438
shawl,4.0757951736450195,1.102143406867981
throb,4.0990071296691895,1.1064257621765137
smith,3.7161130905151367,0.9572436213493347
viper,4.132506370544434,1.125980019569397
fraud,4.219923973083496,1.247715711593628
admit,4.176385402679443,1.1845983266830444
right,3.692387104034424,1.0005443096160889
payee,4.2357683181762695,1.2899377346038818
eight,4.100626468658447,1.183357834815979
piece,4.0967793464660645,1.185829758644104
prong,4.074713706970215,1.0997083187103271
shelf,3.8178465366363525,1.0124613046646118
vapor,4.1424078941345215,1.1379761695861816
lyric,3.903390884399414,1.059834361076355
smoke,4.227323055267334,1.2553629875183105
lurch,4.099681377410889,1.1031734943389893
viola,4.302314281463623,1.339115858078003
welsh,3.8952584266662598,1.0554356575012207
genie,4.233715534210205,1.2868378162384033
candy,3.7907299995422363,0.9988626837730408
waver,4.121955394744873,1.1062226295471191
trunk,3.8295392990112305,1.0161168575286865
forty,3.895313262939453,1.0555939674377441
lusty,4.085577487945557,1.0979713201522827
paper,3.9839653968811035,1.0657148361206055
basic,4.002211093902588,1.1849919557571411
rhyme,4.061583995819092,1.0929059982299805
mover,4.1348185539245605,1.1244407892227173
atoll,4.487133026123047,1.3249675035476685
notch,4.011852741241455,1.0854151248931885
dread,4.470460891723633,1.3283042907714844
rebar,4.502606391906738,1.3219581842422485
debut,4.166125774383545,1.1629815101623535
abhor,4.122865676879883,1.105616569519043
widen,4.1280059814453125,1.1149778366088867
crown,3.760530948638916,0.9824517369270325
prize,4.225483417510986,1.2465298175811768
waive,4.320801734924316,1.3439010381698608
bleak,4.127772808074951,1.1137970685958862
ingot,4.124683380126953,1.1064817905426025
sheik,4.124505519866943,1.1089590787887573
masse,4.497673511505127,1.3223893642425537
fleet,4.316845417022705,1.2727288007736206
gourd,4.125377178192139,1.1084730625152588
linen,4.408388137817383,1.3122130632400513
bugle,4.125924587249756,1.109236240386963
leave,4.104372024536133,1.115894079208374
swept,4.031567096710205,1.0854241847991943
disco,4.166048526763916,1.1604775190353394
shady,4.047035217285156,1.0872154235839844
thank,3.73184871673584,0.959527313709259
worth,3.6276895999908447,0.8842604756355286
brawl,4.090138912200928,1.093829870223999
steep,4.434490203857422,1.3225568532943726
audio,4.1464056968688965,1.497011423110962
sprig,4.102689743041992,1.0943902730941772
abase,4.255836009979248,1.289557695388794
snack,3.997776746749878,1.0769771337509155
glove,4.152586936950684,1.1397804021835327
chirp,4.10004186630249,1.092665433883667
hyper,4.017175197601318,1.0792794227600098
agony,4.136740207672119,1.1163437366485596
bowel,4.139758110046387,1.123380184173584
maybe,3.9811949729919434,1.1547962427139282
dried,4.384520053863525,1.2995507717132568
swarm,4.073498249053955,1.086844563484192
semen,4.474488735198975,1.3252795934677124
giver,4.136961460113525,1.1115143299102783
shank,4.0691046714782715,1.0855618715286255
natal,4.440813064575195,1.3231723308563232
lingo,4.139197826385498,1.113742709159851
glaze,4.1404500007629395,1.1160041093826294
frond,4.10483455657959,1.091121792793274
decoy,4.139317035675049,1.1106513738632202
nomad,4.141788959503174,1.116058349609375
world,3.606536388397217,0.914021909236908
caulk,4.1410322189331055,1.1092469692230225
trout,4.4004435539245605,1.305009365081787
match,3.662015676498413,0.906760036945343
plank,4.070990562438965,1.0817797183990479
chief,3.993180751800537,1.117437481880188
rider,4.338801383972168,1.2771599292755127
fetus,4.148716449737549,1.118470311164856
spiny,4.097290515899658,1.0853271484375
clamp,4.004744529724121,1.0710445642471313
bulge,4.14875602722168,1.1135224103927612
befit,4.1476054191589355,1.1085469722747803
knead,4.149195194244385,1.1098501682281494
tawny,4.090605735778809,1.0827436447143555
unity,4.180461406707764,1.1667428016662598
depth,3.6575429439544678,0.8883762955665588
titan,4.423163414001465,1.3129138946533203
psalm,4.044644832611084,1.0746835470199585
sewer,4.405879497528076,1.304894208908081
evict,4.151617527008057,1.1099090576171875
laugh,4.188283920288086,1.175305962562561
slick,4.040494441986084,1.073498010635376
serve,4.129419803619385,1.161001443862915
anvil,4.153804779052734,1.1142491102218628
month,4.1174211502075195,1.5480856895446777
choke,4.156012058258057,1.1173632144927979
cling,4.080938339233398,1.0784672498703003
rodeo,4.248257160186768,1.2787437438964844
fiend,4.154900074005127,1.112809181213379
extra,3.9906606674194336,1.1676996946334839
stink,4.082892894744873,1.0763766765594482
bused,4.160362720489502,1.1097652912139893
child,4.159302711486816,1.5806598663330078
thyme,4.079060077667236,1.0752294063568115
being,4.230322360992432,1.5050275325775146
devil,4.206223487854004,1.1933727264404297
sight,3.8456029891967773,1.024648904800415
sumac,4.162496566772461,1.1106171607971191
synod,4.076523303985596,1.0741362571716309
chasm,4.092743396759033,1.0779163837432861
canal,4.34969425201416,1.2776927947998047
maize,4.358570575714111,1.3310855627059937
lefty,4.079739570617676,1.0744781494140625
movie,4.347795486450195,1.5034302473068237
verse,4.363321304321289,1.2833099365234375
stilt,4.3763041496276855,0.9933560490608215
tacit,4.503896713256836,1.3154540061950684
ardor,4.5148420333862305,1.3138988018035889
exact,4.205376148223877,1.2079508304595947
shirk,4.1016669273376465,1.079087495803833
hazel,4.170382499694824,1.1265257596969604
suing,4.167641639709473,1.1146794557571411
label,4.108695030212402,1.1351308822631836
gazer,4.1672210693359375,1.1107063293457031
crass,4.375829696655273,0.9993135333061218
begin,4.009050369262695,1.1024203300476074
bicep,4.168930530548096,1.1110349893569946
epoch,4.171597003936768,1.119960904121399
rough,4.200655937194824,1.1807680130004883
sword,3.8973164558410645,1.0459316968917847
taunt,4.512852191925049,1.3128613233566284
rerun,4.5010528564453125,1.3120412826538086
ethic,4.1758646965026855,1.118316411972046
awoke,4.37845516204834,1.3314425945281982
utter,4.467296123504639,1.3101704120635986
ether,4.472963809967041,1.310227870941162
mauve,4.379777908325195,1.3314523696899414
riper,4.518735885620117,1.3117001056671143
vista,4.204333305358887,1.1873462200164795
vocal,4.190712928771973,1.1639999151229858
slung,4.09944486618042,1.0751084089279175
sweet,4.160188674926758,1.1754872798919678
pence,4.495352268218994,1.310566782951355
rural,4.167515277862549,1.1811974048614502
belch,4.10327672958374,1.0757251977920532
brawn,4.101101398468018,1.0749434232711792
prowl,4.096789836883545,1.0737237930297852
batch,3.9130334854125977,1.0502070188522339
ensue,4.289100646972656,1.284714698791504
blaze,4.183258533477783,1.1253166198730469
quiet,4.235798358917236,1.263401985168457
blond,3.9652624130249023,1.0493547916412354
heath,4.38466215133667,1.28885817527771
derby,3.9403135776519775,1.0490628480911255
order,4.085346221923828,1.2707901000976562
trust,4.3660969734191895,1.2999534606933594
afoul,4.390665054321289,1.3299968242645264
savoy,4.185818672180176,1.118626356124878
logic,4.189665794372559,1.1837475299835205
yacht,3.949622631072998,1.0478053092956543
gusto,4.1855998039245605,1.1143981218338013
gamut,4.185672760009766,1.1146361827850342
humor,4.21181583404541,1.1912699937820435
sleek,4.453112602233887,1.3049540519714355
women,4.260765075683594,1.53147554397583
nasal,4.458350658416748,1.3047733306884766
exist,4.17622709274292,1.1723214387893677
crimp,4.087890625,1.0682522058486938
feign,4.188508033752441,1.1123604774475098
inner,4.249292373657227,1.2285248041152954
group,4.324615478515625,1.5977003574371338
pouty,4.189049243927002,1.1121350526809692
snaky,4.10532808303833,1.0721635818481445
shift,3.799253463745117,0.9894313216209412
quart,4.193196773529053,1.1235623359680176
drink,3.7217726707458496,0.9198978543281555
whirl,4.088160514831543,1.0668494701385498
datum,4.196488380432129,1.1251156330108643
duvet,4.196175575256348,1.1213102340698242
retry,4.381616592407227,1.0247249603271484
moose,4.279661178588867,1.2751753330230713
midge,4.195731163024902,1.114048957824707
cress,4.386795997619629,1.0139487981796265
greed,4.473503112792969,1.3022334575653076
truck,3.704658269882202,0.9028671383857727
vegan,4.201770782470703,1.127933382987976
spank,3.9672129154205322,1.0462144613265991
throw,3.8410496711730957,1.0137856006622314
frank,3.713603973388672,0.908754289150238
elude,4.3073930740356445,1.2830564975738525
doing,4.055131912231445,1.1558696031570435
nudge,4.203060626983643,1.1182820796966553
roger,4.26607608795166,1.2334065437316895
above,4.291125774383545,1.412400484085083
hence,4.268862724304199,1.2341829538345337
thong,3.930988311767578,1.048312783241272
briar,4.505541801452637,1.297022819519043
tithe,4.508944511413574,1.2943730354309082
salad,4.336080551147461,1.2613093852996826
vague,4.400051116943359,1.3163567781448364
ratty,4.391578674316406,1.0180506706237793
ebony,4.200098991394043,1.164693832397461
brush,3.904752731323242,1.0393764972686768
blind,3.8396332263946533,1.0100836753845215
goose,4.290246486663818,1.273447036743164
ovary,4.2133893966674805,1.1194685697555542
color,4.018483638763428,1.0468711853027344
plush,3.98774790763855,1.0460306406021118
drown,4.0727925300598145,1.0572535991668701
apple,4.075716972351074,1.0982871055603027
flume,4.214824199676514,1.1148258447647095
valid,4.022089958190918,1.1172027587890625
guild,4.226057052612305,1.1590193510055542
lucid,4.216818332672119,1.1203333139419556
sigma,4.21505880355835,1.165764331817627
trump,4.026214599609375,1.0477105379104614
bigot,4.216920375823975,1.1154799461364746
spicy,4.018319129943848,1.0460139513015747
apnea,4.314205646514893,1.2798652648925781
stool,4.450361251831055,1.292738914489746
madly,4.089073181152344,1.0587151050567627
syrup,4.019918441772461,1.0455636978149414
omega,4.3497209548950195,1.2887128591537476
joist,4.220019817352295,1.1153669357299805
theta,4.399857044219971,1.2857189178466797
mango,4.223703384399414,1.1270140409469604
cello,4.46703577041626,1.2919856309890747
femur,4.221534252166748,1.1169333457946777
aping,4.220983505249023,1.1145718097686768
light,4.171014308929443,1.6460211277008057
quite,3.9950060844421387,1.1206605434417725
mouth,4.209778308868408,1.1680771112442017
tutor,4.4078521728515625,1.2880862951278687
segue,4.3231964111328125,1.2811901569366455
still,4.430843830108643,1.4650394916534424
posse,4.494255065917969,1.287103295326233
medic,4.225430011749268,1.1211323738098145
sever,4.498654365539551,1.2836823463439941
bravo,4.229272842407227,1.1309133768081665
legal,3.909868001937866,0.9648286700248718
minty,4.097696304321289,1.0580661296844482
deuce,4.3209638595581055,1.2790277004241943
shall,4.435771942138672,1.4657717943191528
alarm,4.2537713050842285,1.2162424325942993
tough,4.217957496643066,1.1589586734771729
lasso,4.496257305145264,1.277299165725708
breed,4.346590518951416,1.2605165243148804
birch,4.028217792510986,1.0452512502670288
prior,4.023931503295898,1.0644657611846924
clink,4.09890079498291,1.0563020706176758
tweak,4.234705924987793,1.1252319812774658
lanky,4.099394798278809,1.056406855583191
bench,3.928907632827759,1.0458528995513916
video,4.3474578857421875,2.2695460319519043
pound,4.223062992095947,1.1577271223068237
sauna,4.302913188934326,1.2664341926574707
armor,4.375682830810547,1.2715330123901367
quote,4.2577056884765625,1.4160903692245483
hound,4.240189552307129,1.128678321838379
chalk,4.039194107055664,1.045088768005371
input,4.027172565460205,1.0986552238464355
thrum,4.102407455444336,1.0552059412002563
badly,3.9920225143432617,1.046933650970459
slunk,4.102024078369141,1.0548373460769653
scrum,4.0915093421936035,1.0526829957962036
shell,4.368380546569824,1.4030026197433472
octet,4.4640021324157715,1.2804858684539795
bring,3.782884359359741,0.943782389163971
handy,3.9493699073791504,1.048755407333374
admin,4.0964837074279785,1.0669621229171753
optic,4.2504191398620605,1.1428359746932983
growl,4.090373992919922,1.0511081218719482
stint,4.399224281311035,1.0527360439300537
clown,4.033075332641602,1.045606017112732
youth,4.05593204498291,1.0903393030166626
shrug,4.083354473114014,1.04945707321167
eying,4.245317459106445,1.1164817810058594
purer,4.491873741149902,1.2596166133880615
thing,4.485198974609375,1.8317649364471436
totem,4.480427265167236,1.2656431198120117
gorge,4.467198848724365,1.274205207824707
polka,4.250236511230469,1.1238350868225098
merge,4.371962547302246,1.2659852504730225
spawn,4.0559587478637695,1.0449397563934326
ditch,4.048159599304199,1.0452488660812378
blank,3.8415346145629883,1.001326560974121
pitch,3.928058624267578,1.0436136722564697
carry,4.340346813201904,1.4558392763137817
doubt,4.222513198852539,1.1483114957809448
creek,4.123594284057617,1.1147443056106567
renew,4.357978820800781,1.258872389793396
scowl,4.099959373474121,1.0482313632965088
zonal,4.255625247955322,1.1202216148376465
knave,4.255754470825195,1.1180095672607422
scamp,4.080448150634766,1.0450793504714966
crowd,3.912910223007202,1.035256266593933
stock,4.051455974578857,1.5028918981552124
stick,3.808232545852661,0.9815078377723694
favor,4.247555255889893,1.1547199487686157
sorry,4.3284430503845215,1.4416449069976807
brisk,4.081842422485352,1.0444389581680298
build,4.055102825164795,1.1183910369873047
ghoul,4.261117935180664,1.1190046072006226
lunch,3.822103977203369,0.9889044165611267
fetch,4.046560287475586,1.0458515882492065
droll,4.410813808441162,1.0521395206451416
stomp,4.076408863067627,1.0447304248809814
among,4.197728157043457,1.2037930488586426
covey,4.264914512634277,1.1220293045043945
burly,4.0967607498168945,1.043202519416809
drool,4.474743366241455,1.2464807033538818
bonus,4.186724662780762,1.1114140748977661
morph,4.086478233337402,1.0435426235198975
class,4.404960632324219,1.4576997756958008
filth,4.063562870025635,1.0454216003417969
given,4.414372444152832,1.4182137250900269
etude,4.355111122131348,1.2742676734924316
perky,4.076371192932129,1.044970989227295
smirk,4.09442663192749,1.042148232460022
leech,4.470295429229736,1.2446181774139404
local,3.912539482116699,1.0949405431747437
rally,4.356205463409424,1.2247099876403809
below,4.431448936462402,1.514689564704895
sheep,4.306573867797852,1.2334394454956055
welch,4.050215244293213,1.046149492263794
sally,4.372286319732666,1.1629502773284912
heavy,4.119781494140625,1.0575780868530273
stung,4.097536087036133,1.0415693521499634
arbor,4.38433313369751,1.2586145401000977
diode,4.346189498901367,1.266840934753418
tying,4.070648193359375,1.0454456806182861
piper,4.428110122680664,1.2599141597747803
tally,4.4039201736450195,1.0900862216949463
drill,4.36188268661499,1.2124481201171875
cache,4.246169567108154,1.193965196609497
watch,4.529212951660156,1.8559157848358154
revel,4.46516227722168,1.2333561182022095
joint,4.122428894042969,1.0553628206253052
bribe,4.463379859924316,1.2336013317108154
troop,4.437396049499512,1.2506505250930786
recur,4.466457843780518,1.2306097745895386
silky,4.078361511230469,1.0448169708251953
friar,4.464809417724609,1.2295126914978027
sieve,4.361239910125732,1.2686439752578735
minus,4.280925750732422,1.1492626667022705
prick,4.096169471740723,1.0417072772979736
strut,4.412137508392334,1.0863049030303955
dress,4.356447219848633,1.4893354177474976
flask,4.09337854385376,1.042164921760559
tenth,4.399103164672852,1.1262221336364746
obese,4.357688903808594,1.2643219232559204
lofty,4.096498966217041,1.0416152477264404
harsh,4.3943867683410645,1.141527771949768
slash,4.403007507324219,1.1208233833312988
wagon,4.288607597351074,1.1422044038772583
newly,3.832385540008545,0.9866668581962585
twang,4.11283016204834,1.0379984378814697
shack,4.066426753997803,1.0463558435440063
fancy,3.9638235569000244,1.0503240823745728
grimy,4.116710186004639,1.0367705821990967
human,4.450084686279297,1.5986416339874268
cumin,4.298025608062744,1.124738335609436
press,4.296353816986084,1.365721344947815
phony,4.106761932373047,1.0384749174118042
pixel,4.289516925811768,1.149643898010254
nobly,4.119086265563965,1.0358461141586304
ruder,4.4597883224487305,1.2135348320007324
theme,4.123797416687012,1.0993502140045166
spell,4.372668743133545,1.2410945892333984
mound,4.3008904457092285,1.1308517456054688
think,3.905531167984009,1.2915143966674805
circa,4.413094520568848,1.240341067314148
extol,4.305825710296631,1.1228013038635254
brink,4.097743988037109,1.0394155979156494
pivot,4.306057929992676,1.1287469863891602
canon,4.108458518981934,1.0884404182434082
speed,3.9666478633880615,1.0115993022918701
lever,4.409283638000488,1.2375109195709229
macho,4.30967903137207,1.1251351833343506
woman,4.008216381072998,1.0569236278533936
aroma,4.3683648109436035,1.2582322359085083
tacky,4.119889736175537,1.033902883529663
wrong,3.7899131774902344,0.9165980219841003
reedy,4.448788166046143,1.2044057846069336
quest,4.290693759918213,1.1414988040924072
blush,4.0982184410095215,1.0382648706436157
study,4.170487880706787,1.6711277961730957
libel,4.440394401550293,1.207634449005127
freed,4.416164398193359,1.2231553792953491
grown,3.911085605621338,1.0285086631774902
dingo,4.315852165222168,1.123559832572937
pinch,4.093319416046143,1.0388950109481812
risky,4.088597297668457,1.0395746231079102
dusty,4.09000301361084,1.0392696857452393
wooer,4.390045642852783,1.2642903327941895
shaky,4.120597839355469,1.0326110124588013
shrub,4.107992172241211,1.0351814031600952
lorry,4.443047046661377,1.0983119010925293
nerve,4.33681583404541,1.2302626371383667
adage,4.388911247253418,1.2618494033813477
botch,4.134790897369385,1.0292999744415283
godly,4.123256683349609,1.031650185585022
hymen,4.130511283874512,1.0301148891448975
newer,4.32538366317749,1.225367546081543
wrack,4.136091709136963,1.0288435220718384
wench,4.131699562072754,1.0297366380691528
scrub,4.09317684173584,1.0378432273864746
clung,4.130974769592285,1.0298210382461548
vowel,4.323395729064941,1.1256698369979858
lying,3.9906091690063477,1.0505393743515015
knife,4.307656288146973,1.142002820968628
vigor,4.324024677276611,1.1254433393478394
donor,4.325056076049805,1.2244216203689575
ledge,4.42930793762207,1.200106143951416
shoot,4.267313003540039,1.191602349281311
stunk,4.138053894042969,1.0279818773269653
bleed,4.416272163391113,1.2045087814331055
gravy,4.114110946655273,1.0326581001281738
slump,4.124842643737793,1.0303655862808228
squat,4.3281755447387695,1.125139832496643
cross,4.368441581726074,1.2851884365081787
magic,4.1664252281188965,1.0397288799285889
tryst,4.286754608154297,1.0355234146118164
motif,4.327177047729492,1.132813811302185
froze,4.330283164978027,1.1238455772399902
virus,4.172426223754883,1.039867877960205
jaunt,4.3321943283081055,1.1222405433654785
sooth,4.437071800231934,1.1833701133728027
shown,4.229325294494629,1.3658607006072998
juice,4.453449726104736,1.2677228450775146
fluke,4.333071231842041,1.1259301900863647
bound,4.3054070472717285,1.1255669593811035
night,4.2710418701171875,1.814995288848877
pouch,4.331521511077881,1.1366922855377197
tenet,4.426712512969971,1.1873360872268677
avoid,4.179825305938721,1.1752707958221436
flank,4.130212783813477,1.0279629230499268
tasty,4.44020938873291,1.1671758890151978
boxer,4.334656715393066,1.1349912881851196
ahead,4.221339225769043,1.179109811782837
vogue,4.586380481719971,1.3382937908172607
hydro,4.078674793243408,1.0385191440582275
brown,4.134622573852539,1.248049020767212
frisk,4.146583557128906,1.024693250656128
where,4.140925884246826,1.1408389806747437
gauze,4.610834121704102,1.3556544780731201
begun,4.329188823699951,1.140950322151184
balmy,4.145752906799316,1.0248017311096191
hello,4.156922817230225,1.1079792976379395
grass,4.411111831665039,1.3815864324569702
wring,4.146915912628174,1.024510383605957
mogul,4.342000484466553,1.1274654865264893
motor,4.128045082092285,1.0866774320602417
seven,4.115676403045654,1.0794157981872559
small,4.450936794281006,1.4388389587402344
testy,4.4705305099487305,1.1091947555541992
dozen,4.331418514251709,1.138658046722412
kneel,4.42979621887207,1.1782876253128052
imbue,4.612542629241943,1.356078028678894
swami,4.343710899353027,1.1284654140472412
exult,4.344468116760254,1.1280100345611572
beget,4.433341979980469,1.174626111984253
truss,4.463763236999512,1.1352672576904297
heave,4.407413005828857,1.2561814785003662
snowy,4.123505592346191,1.0280283689498901
woken,4.346954345703125,1.1294623613357544
black,3.854340076446533,1.2157926559448242
honor,4.252443313598633,1.1712532043457031
mocha,4.3470001220703125,1.1301127672195435
speck,4.144039630889893,1.0262610912322998
scuba,4.341650485992432,1.1409375667572021
toxin,4.347073554992676,1.1307907104492188
drunk,3.9670233726501465,1.0501322746276855
fence,4.3356170654296875,1.2169663906097412
seedy,4.431262016296387,1.1737301349639893
smell,4.439108371734619,1.2463786602020264
stout,4.410168647766113,1.1869170665740967
crazy,3.8405752182006836,0.9821897149085999
pasta,4.35780668258667,1.218977451324463
unfit,4.350071430206299,1.1318730115890503
loyal,4.379281997680664,1.2103962898254395
zebra,4.348550796508789,1.133345127105713
sooty,4.432120323181152,1.1710243225097656
vomit,4.351268768310547,1.1325664520263672
bayou,4.59723424911499,1.3409467935562134
alloy,4.36767578125,1.2178244590759277
crump,4.166870594024658,1.0271501541137695
dryer,4.4495086669921875,1.2266018390655518
grill,4.433962821960449,1.3392059803009033
aphid,4.352636814117432,1.1328730583190918
parry,4.477000713348389,1.1421873569488525
rower,4.431898593902588,1.169175148010254
amply,4.170289516448975,1.0275013446807861
axion,4.609844207763672,1.3500213623046875
venom,4.35270881652832,1.1347607374191284
smack,4.145377159118652,1.0290485620498657
enema,4.4086503982543945,1.2487497329711914
agape,4.416001319885254,1.2523658275604248
mangy,4.180564880371094,1.0276252031326294
would,4.740713596343994,1.9912245273590088
weigh,4.353522300720215,1.1372461318969727
major,4.45505952835083,1.4290049076080322
wreck,4.1280293464660645,1.0309209823608398
ivory,4.35438346862793,1.13516366481781
gaudy,4.35816764831543,1.1359291076660156
dimly,4.18084716796875,1.0287483930587769
pithy,4.187261581420898,1.0288926362991333
gauge,4.352786540985107,1.2188704013824463
askew,4.358626842498779,1.1365983486175537
foamy,4.3588948249816895,1.1348518133163452
eerie,5.411968231201172,1.3428173065185547
equal,4.165111541748047,1.1683825254440308
defer,4.419659614562988,1.1707568168640137
musty,4.192127704620361,1.0295943021774292
album,4.165739059448242,1.1847479343414307
bleep,4.429984092712402,1.1628210544586182
lilac,4.413321018218994,1.174113154411316
banal,4.431751728057861,1.1613191366195679
moldy,4.196564197540283,1.030611515045166
music,4.6985063552856445,1.9174909591674805
gusty,4.198075294494629,1.0312083959579468
brass,4.447783946990967,1.4515290260314941
elbow,4.362527847290039,1.1408041715621948
unfed,4.360682487487793,1.1298823356628418
colon,4.3714599609375,1.2039237022399902
robot,4.2949957847595215,1.1836426258087158
budge,4.359584331512451,1.1320451498031616
never,3.903938055038452,0.8763008713722229
brick,4.026856422424316,1.0424463748931885
radii,4.431219577789307,1.245926856994629
hefty,4.196507930755615,1.0361933708190918
basal,4.412764549255371,1.1690208911895752
woven,4.368919849395752,1.1391301155090332
harry,4.33652400970459,1.5085999965667725
cough,4.367079257965088,1.1378388404846191
rumba,4.360602855682373,1.1292847394943237
whelp,4.221590518951416,1.0401825904846191
wordy,4.219329357147217,1.0401064157485962
dowry,4.217269420623779,1.0399835109710693
await,4.424941062927246,1.2402095794677734
detox,4.364291667938232,1.1361242532730103
agora,4.433640480041504,1.2435741424560547
seize,4.424878120422363,1.2391254901885986
forum,4.666984558105469,1.8715965747833252
fluid,4.369059085845947,1.1189839839935303
endow,4.36254358291626,1.1254581212997437
flush,4.099635124206543,1.0398712158203125
joust,4.363208770751953,1.1243813037872314
dutch,3.89223051071167,1.0071122646331787
bible,4.144745826721191,1.075526237487793
stash,4.515555381774902,1.1743502616882324
fella,4.427550792694092,1.152961015701294
ought,4.378016948699951,1.130635380744934
revue,4.434839248657227,1.2398171424865723
catty,4.527896881103516,1.1492711305618286
rigor,4.429144382476807,1.1509926319122314
quail,4.598097801208496,1.341865062713623
rocky,3.9997880458831787,1.0443189144134521
swift,4.104104042053223,1.0412192344665527
cacti,4.4296722412109375,1.1492946147918701
champ,4.179177761077881,1.0445868968963623
lynch,3.917894124984741,1.1922193765640259
fatal,4.368047714233398,1.1946059465408325
borax,4.367564678192139,1.120268702507019
helix,4.3693084716796875,1.1292964220046997
arrow,4.322384834289551,1.1844356060028076
quilt,4.376031398773193,1.129652976989746
climb,4.118886947631836,1.0422730445861816
sloop,4.432146072387695,1.1444965600967407
unwed,4.368478298187256,1.1191293001174927
aglow,4.368788242340088,1.1187448501586914
frown,4.237645149230957,1.0524410009384155
truth,4.334399223327637,1.5079559087753296
dogma,4.36642599105835,1.126105785369873
iliac,4.452524185180664,1.2411164045333862
butte,4.405526638031006,1.161619782447815
found,4.700178146362305,1.9041836261749268
stunt,4.5317487716674805,1.1907901763916016
rover,4.354283332824707,1.1951100826263428
dross,4.54573917388916,1.163271188735962
gipsy,4.256093502044678,1.0574623346328735
odder,4.435323238372803,1.1381738185882568
using,4.716983318328857,1.921105146408081
oxide,4.552679538726807,1.3143047094345093
rarer,5.161571502685547,1.157436490058899
blink,4.144406795501709,1.0489728450775146
stuck,4.053655624389648,1.0480873584747314
privy,4.251516342163086,1.0583595037460327
issue,4.3229570388793945,1.101767897605896
boost,4.31283712387085,1.1745314598083496
attic,4.399807929992676,1.16395902633667
taboo,4.437659740447998,1.227789044380188
limbo,4.371788024902344,1.1192383766174316
glass,4.299002170562744,1.323882818222046
marry,4.5355401039123535,1.264511227607727
spool,4.418186664581299,1.1466888189315796
spill,4.538847923278809,1.2538249492645264
silly,4.529125690460205,1.325085163116455
bingo,4.386162281036377,1.1122180223464966
empty,3.8661999702453613,0.9909579157829285
thick,3.9725027084350586,1.036124348640442
merry,4.534472465515137,1.3168963193893433
stump,4.254117012023926,1.0644181966781616
flack,4.278948783874512,1.0673881769180298
sense,4.137984752655029,1.0576531887054443
waxen,4.378235816955566,1.1091151237487793
river,4.0414862632751465,0.9931777119636536
topaz,4.375344753265381,1.1186796426773071
havoc,4.374026298522949,1.1183035373687744
young,4.459200859069824,1.4537972211837769
umbra,4.378435134887695,1.109493613243103
slosh,4.567775249481201,1.1768661737442017
wound,4.383179664611816,1.1151609420776367
mania,4.445924282073975,1.2240846157073975
drama,4.27431058883667,1.1436827182769775
shock,3.97078275680542,1.033408761024475
wharf,4.246307373046875,1.0680824518203735
sulky,4.295947074890137,1.0726118087768555
wheel,4.251433372497559,1.1264581680297852
cabal,4.43058967590332,1.1296870708465576
evade,4.470648765563965,1.231874942779541
fling,4.289416313171387,1.0740611553192139
fixer,4.380802631378174,1.1069462299346924
flail,4.435237407684326,1.1253172159194946
pesky,4.292727470397949,1.0736210346221924
eking,4.383062362670898,1.1028666496276855
again,4.393720626831055,1.1149063110351562
annul,4.43543815612793,1.124044418334961
frock,4.303985118865967,1.0719563961029053
envoy,4.378815650939941,1.111750841140747
moron,4.4262895584106445,1.1319756507873535
essay,4.348790168762207,1.1786291599273682
mulch,4.291158676147461,1.0711175203323364
snuck,4.3039631843566895,1.0703837871551514
punch,4.155531883239746,1.0667176246643066
dwarf,4.243736743927002,1.0708024501800537
rowdy,4.301515579223633,1.068217396736145
tweed,4.422372817993164,1.1332364082336426
dough,4.382879734039307,1.1110308170318604
witch,4.168315887451172,1.0696113109588623
stood,4.359976291656494,1.1812015771865845
gecko,4.383912563323975,1.104408860206604
gulch,4.301928520202637,1.065425157546997
blown,4.223823070526123,1.0667849779129028
fudge,4.3816914558410645,1.1094741821289062
crumb,4.302607536315918,1.0643961429595947
gooey,4.485296249389648,1.2288120985031128
coach,4.266697406768799,1.1266908645629883
swell,4.588105201721191,1.2489423751831055
berry,4.572739601135254,1.3800584077835083
koala,4.4843244552612305,1.226893424987793
focus,4.221653461456299,1.2012808322906494
dingy,4.315417766571045,1.0611478090286255
valve,4.363643646240234,1.1798725128173828
might,4.450259208679199,1.996689796447754
fleck,4.312950134277344,1.0596636533737183
vapid,4.390846252441406,1.0944786071777344
verge,4.428131103515625,1.1225721836090088
frill,4.606143951416016,1.2072398662567139
swing,4.0449299812316895,1.06556236743927
floor,4.157502174377441,1.0534710884094238
cycle,4.3662261962890625,1.5766961574554443
zesty,4.323089122772217,1.055540919303894
quota,4.5671000480651855,1.348775029182434
showy,4.321768283843994,1.0551331043243408
clump,4.320749282836914,1.0550837516784668
opium,4.588651657104492,1.3615059852600098
elegy,4.440054893493652,1.1090660095214844
plunk,4.330416679382324,1.0512580871582031
swamp,4.276668548583984,1.0521299839019775
bless,4.605320453643799,1.3508554697036743
afoot,4.507089614868164,1.2246850728988647
adapt,4.406711578369141,1.1316370964050293
vinyl,4.000142574310303,1.043045997619629
itchy,4.312097549438477,1.0492401123046875
canny,4.634252548217773,1.2334011793136597
delve,4.440422534942627,1.1039478778839111
finch,4.299172878265381,1.0489596128463745
gross,4.508039474487305,1.5776207447052002
ditto,4.434524059295654,1.1083089113235474
block,4.152524948120117,1.3028380870819092
edify,4.3971381187438965,1.0905851125717163
venue,4.4310455322265625,1.189204454421997
patty,4.632894992828369,1.2889436483383179
needy,4.433814525604248,1.106846570968628
sweep,4.417943954467773,1.118791103363037
butch,4.314820766448975,1.050096869468689
gouge,4.518578052520752,1.2230063676834106
wrung,4.339165687561035,1.0494352579116821
stoop,4.445387363433838,1.0959906578063965
catch,4.453001976013184,1.6464530229568481
dying,4.142350196838379,1.0574235916137695
sixth,4.125329494476318,1.0583951473236084
flaky,4.333515167236328,1.0506486892700195
debug,4.394563674926758,1.1023340225219727
width,3.931785821914673,1.0425505638122559
joker,4.395019054412842,1.0992051362991333
annoy,4.437445640563965,1.1002005338668823
dally,4.654397487640381,1.248295783996582
event,4.007750988006592,0.8988381028175354
pique,4.578662872314453,1.3779568672180176
petty,4.645026206970215,1.3218923807144165
smock,4.3399457931518555,1.0515098571777344
spoon,4.417990207672119,1.1140258312225342
winch,4.322983264923096,1.0525131225585938
exile,4.512700080871582,1.2149289846420288
munch,4.330251693725586,1.052456021308899
toxic,4.397252559661865,1.1053171157836914
mecca,4.440519332885742,1.0955922603607178
droop,4.449888706207275,1.0881558656692505
conic,4.449488639831543,1.0883252620697021
ficus,4.3984527587890625,1.0868741273880005
ember,4.447387218475342,1.0897972583770752
chill,4.6478424072265625,1.359021544456482
sixty,4.240408420562744,1.0567727088928223
aloof,4.531701564788818,1.2203909158706665
blimp,4.341306686401367,1.0531009435653687
larva,4.448750972747803,1.0869888067245483
krill,4.667739391326904,1.261073350906372
snoop,4.430749893188477,1.0996642112731934
weave,4.52596378326416,1.2154710292816162
downy,4.342555046081543,1.0543346405029297
query,4.488357067108154,1.166215419769287
spunk,4.340397357940674,1.054696798324585
exert,4.445487022399902,1.0864942073822021
whiny,4.345448970794678,1.0552952289581299
hedge,4.421996116638184,1.10429847240448
avail,4.519006252288818,1.209822654724121
spiky,4.347402572631836,1.0559208393096924
druid,4.446415901184082,1.0837304592132568
upper,4.251236438751221,1.084111213684082
rumor,4.435961723327637,1.0917696952819824
udder,4.454757213592529,1.0767055749893188
curvy,4.344296455383301,1.0566272735595703
limit,4.252310752868652,1.0841572284698486
flown,4.314344882965088,1.058144211769104
quasi,4.509053707122803,1.372818112373352
index,4.870929718017578,2.0600783824920654
usual,4.446928977966309,1.1761056184768677
idiot,4.523578643798828,1.206355094909668
award,4.1772871017456055,1.0376813411712646
junta,4.395822048187256,1.0813789367675781
humid,4.396345615386963,1.085883617401123
ferry,4.646954536437988,1.4837666749954224
bunch,4.1321563720703125,1.0699809789657593
dodge,4.389918327331543,1.1602139472961426
amiss,4.458766460418701,1.0662944316864014
quake,4.459576606750488,1.3664300441741943
fritz,4.3079962730407715,1.0626044273376465
tibia,4.55992317199707,1.2140109539031982
imply,4.260527610778809,1.0647025108337402
augur,4.56434440612793,1.214308500289917
crack,4.533751010894775,1.601346731185913
pluck,4.3402581214904785,1.062201738357544
basis,4.186233043670654,1.0364179611206055
bough,4.397251129150391,1.0775258541107178
quash,4.3969645500183105,1.07310152053833
brood,4.455860614776611,1.0634467601776123
beech,4.4454216957092285,1.0715811252593994
hatch,4.705015659332275,1.3823480606079102
chess,4.670773983001709,1.4740486145019531
thump,4.353439807891846,1.0642914772033691
owing,4.399611949920654,1.0976970195770264
curry,4.7114691734313965,1.389336109161377
gloss,4.714616298675537,1.3761956691741943
fewer,4.4240593910217285,1.1577849388122559
smoky,4.326247692108154,1.0672950744628906
unify,4.398184299468994,1.0753096342086792
filmy,4.352657318115234,1.0670371055603027
kneed,4.466761112213135,1.050368309020996
sully,4.733971118927002,1.3134889602661133
flock,4.311832904815674,1.0697402954101562
flick,4.321097373962402,1.0704914331436157
pagan,4.4377217292785645,1.0721447467803955
pushy,4.366044521331787,1.0701453685760498
fight,4.051304340362549,1.2322742938995361
bylaw,4.350007057189941,1.0722018480300903
union,4.352414131164551,1.0373003482818604
allow,4.176740646362305,1.0192184448242188
swill,4.742919445037842,1.3083218336105347
furor,4.468811988830566,1.0443336963653564
twist,4.692068099975586,1.456641674041748
shuck,4.375338554382324,1.074705958366394
crook,4.461920261383057,1.0491852760314941
batty,4.744439125061035,1.3166186809539795
pubic,4.396856307983398,1.0738270282745361
alibi,4.593238830566406,1.2058959007263184
milky,4.347569465637207,1.0780718326568604
waltz,4.344069957733154,1.079026699066162
pinky,4.367770195007324,1.0786499977111816
abbot,4.464529037475586,1.0441091060638428
vouch,4.394364833831787,1.0646183490753174
slush,4.750019073486328,1.318202257156372
parka,4.467530727386475,1.0409605503082275
flung,4.367591857910156,1.0813757181167603
ionic,4.5889763832092285,1.2043967247009277
proxy,4.180508136749268,1.1160545349121094
blitz,4.3325090408325195,1.0833745002746582
windy,4.340320587158203,1.083817720413208
bevel,4.469404697418213,1.0380878448486328
awful,4.392518997192383,1.1085420846939087
wight,4.342484474182129,1.0859198570251465
cheek,4.452862739562988,1.0500752925872803
fishy,4.376810073852539,1.0851889848709106
bliss,4.73980712890625,1.392994999885559
awake,4.586024761199951,1.199852466583252
modem,4.418854236602783,1.1519873142242432
avian,4.588873386383057,1.2005901336669922
guess,4.33158540725708,1.1038215160369873
axiom,4.4554524421691895,1.405718207359314
skill,4.556766986846924,1.5816842317581177
roomy,4.471366882324219,1.033543348312378
condo,4.445262908935547,1.0883424282073975
ninth,4.740518569946289,1.409778118133545
rugby,4.164350986480713,1.1449562311172485
pupal,4.475980758666992,1.0291810035705566
penny,4.697201728820801,1.4534339904785156
enemy,4.440511703491211,1.1604740619659424
wispy,4.3914265632629395,1.0850496292114258
undue,4.604248523712158,1.2030640840530396
junto,4.390848159790039,1.0532013177871704
teddy,4.7239179611206055,1.4293005466461182
squad,4.403253078460693,1.1152909994125366
belly,4.694931983947754,1.4558191299438477
razor,4.453583717346191,1.048518180847168
queer,4.601312637329102,1.1988636255264282
occur,4.3601298332214355,1.117448091506958
lumpy,4.3901047706604,1.085613489151001
folio,4.60886812210083,1.20060133934021
dolly,4.762506008148193,1.3677242994308472
gassy,4.773432731628418,1.3197275400161743
rotor,4.463630676269531,1.0336767435073853
ennui,4.628072738647461,1.1954289674758911
teeth,4.445047378540039,1.1210991144180298
naval,4.447922706604004,1.1010503768920898
tepee,5.526716709136963,1.155052661895752
gaffe,4.479160308837891,1.021065592765808
smash,4.760136127471924,1.3889644145965576
chunk,4.351945877075195,1.0936172008514404
mushy,4.392726898193359,1.0855380296707153
offer,4.009619235992432,0.8315700888633728
sappy,4.7817816734313965,1.3266716003417969
fever,4.451735496520996,1.1010003089904785
abbey,4.459291458129883,1.0488148927688599
rabbi,4.460528373718262,1.0400487184524536
swung,4.382901191711426,1.0878762006759644
murky,4.389207363128662,1.0863580703735352
glyph,4.406414031982422,1.71759831905365
photo,3.8181612491607666,0.7533815503120422
array,4.37512731552124,1.1172913312911987
groom,4.465263843536377,1.0257153511047363
error,4.586524963378906,0.825152575969696
scoop,4.461510181427002,1.0562286376953125
skimp,4.402538776397705,1.0874922275543213
alpha,4.359322547912598,1.109114646911621
awash,4.484012126922607,1.0081478357315063
ditty,4.792140960693359,1.3323335647583008
belle,4.461544036865234,1.0615360736846924
qualm,4.400901794433594,1.0497571229934692
theft,4.601775169372559,1.530318021774292
every,3.875227689743042,0.7063493132591248
holly,4.70538854598999,1.4436308145523071
banjo,4.394820213317871,1.0687477588653564
freer,4.483463287353516,1.0061864852905273
vixen,4.399245738983154,1.0582313537597656
dilly,4.799456596374512,1.3323638439178467
fauna,4.633610725402832,1.1943976879119873
booth,4.4613189697265625,1.0804173946380615
radar,4.461360454559326,1.1530495882034302
penne,4.485546112060547,1.0030601024627686
enjoy,4.58194637298584,1.4328714609146118
quoth,4.402488708496094,1.051966667175293
dandy,4.796502113342285,1.353559970855713
flunk,4.41468620300293,1.0946722030639648
chili,4.469139099121094,1.0394998788833618
clack,4.802003383636475,1.335036039352417
sunny,4.648947238922119,1.476395606994629
loopy,4.4878339767456055,0.9989219307899475
comfy,4.396763324737549,1.1029361486434937
lucky,4.285810470581055,1.2869466543197632
swoon,4.488077163696289,0.9983938336372375
fatty,4.7227888107299805,1.4161558151245117
melee,5.557713508605957,1.1497427225112915
worry,4.581201076507568,1.520636796951294
conch,4.799947261810303,1.3365509510040283
quark,4.398408889770508,1.0704021453857422
bushy,4.415649890899658,1.101414442062378
coyly,4.802600383758545,1.3296215534210205
going,3.997060775756836,0.7740220427513123
blood,4.2519683837890625,1.0272613763809204
thumb,4.337204456329346,1.173671841621399
booty,4.464299201965332,1.1408758163452148
broom,4.482669830322266,0.9963998198509216
hilly,4.796379089355469,1.337509274482727
nylon,4.617717742919922,1.4783210754394531
golly,4.797497749328613,1.3334012031555176
outdo,4.685915946960449,1.1782824993133545
pupil,4.478614807128906,1.0236786603927612
staff,3.934903383255005,0.9095490574836731
salsa,4.47898530960083,1.0238637924194336
spasm,4.7963104248046875,1.33419668674469
dwell,4.7705841064453125,1.3596775531768799
geese,5.572607040405273,1.1462010145187378
whisk,4.426055431365967,1.1092121601104736
hurry,4.740973472595215,1.3796968460083008
floss,4.788114070892334,1.3451356887817383
proof,4.403958320617676,1.1163339614868164
duchy,4.433860778808594,1.1088950634002686
plumb,4.430726051330566,1.1121820211410522
karma,4.479483604431152,1.0489108562469482
crock,4.783846378326416,1.339491367340088
aging,4.471546173095703,1.109336495399475
bawdy,4.440688610076904,1.109317421913147
knoll,4.780032157897949,1.3380379676818848
fungi,4.408479690551758,1.0663243532180786
villa,4.472965240478516,1.1400293111801147
wedge,4.4834818840026855,1.008490800857544
annex,4.47905969619751,1.0651156902313232
rigid,4.4830145835876465,1.019559383392334
crick,4.788348197937012,1.3276441097259521
picky,4.440613269805908,1.1183671951293945
gayly,4.792971611022949,1.321937084197998
whack,4.443150997161865,1.1198607683181763
chump,4.450660228729248,1.116040587425232
icily,4.49161434173584,0.9842239022254944
apply,4.124233245849609,1.1745998859405518
comma,4.483572006225586,1.0057497024536133
toddy,4.785249710083008,1.3191754817962646
digit,4.481740474700928,1.0492124557495117
vodka,4.417407989501953,1.0808223485946655
manga,4.476019859313965,1.112451195716858
axial,4.703073978424072,1.173912525177002
nutty,4.771094799041748,1.324047327041626
dryly,4.3083086013793945,0.8633459210395813
hitch,4.730419635772705,1.3502483367919922
cinch,4.772173881530762,1.3177971839904785
dusky,4.474790573120117,1.1364837884902954
queen,4.515314102172852,1.1032030582427979
caddy,4.757203102111816,1.3251349925994873
ozone,4.67482852935791,1.1740245819091797
refer,4.429429531097412,1.1184532642364502
leggy,4.772915840148926,1.3116995096206665
pooch,4.486570358276367,0.9867098927497864
swash,4.77086067199707,1.3124825954437256
equip,4.326272487640381,1.456811785697937
igloo,4.734253883361816,1.1649391651153564
tabby,4.764671325683594,1.3145058155059814
lymph,4.873051643371582,2.2447359561920166
epoxy,4.427398681640625,1.0901598930358887
husky,4.496285915374756,1.1824755668640137
visit,3.941340923309326,0.6801940202713013
bitty,4.763276100158691,1.3109216690063477
hunky,4.502780437469482,1.1576621532440186
tight,4.445440292358398,1.4623615741729736
amaze,4.736026763916016,1.1645742654800415
wacky,4.509032726287842,1.1990971565246582
gloom,4.484086036682129,0.991953432559967
mossy,4.758194923400879,1.3089237213134766
couch,4.4824934005737305,1.029719352722168
tweet,4.485718727111816,0.9866355061531067
timid,4.484133720397949,0.9905474781990051
howdy,4.527193546295166,1.1885545253753662
lipid,4.483255863189697,1.011276364326477
outgo,4.760296821594238,1.1582114696502686
jerky,4.534091949462891,1.1952359676361084
excel,4.478026390075684,1.1268832683563232
comic,4.48775577545166,1.1480368375778198
judge,4.83735466003418,1.6033495664596558
billy,4.515672206878662,1.4387376308441162
blurb,4.743629455566406,1.3067710399627686
flood,4.478017807006836,1.1258786916732788
fanny,4.7278900146484375,1.3155280351638794
pudgy,4.550169467926025,1.1934661865234375
skull,4.669795989990234,1.3535763025283813
weedy,4.484194278717041,0.98823481798172
brook,4.481698513031006,1.0476009845733643
kiosk,4.483487129211426,1.0050002336502075
wooly,4.484140396118164,0.989441454410553
embed,4.483728408813477,0.9992075562477112
eject,4.4838361740112305,0.9965599179267883
uncut,4.482569217681885,1.026729702949524
bezel,4.483505725860596,1.004380464553833
vying,4.573782920837402,1.219385027885437
missy,4.711287975311279,1.3147085905075073
bulky,4.5756120681762695,1.2410262823104858
shook,4.482912063598633,1.018068790435791
musky,4.606043815612793,1.244358777999878
bossy,4.734302520751953,1.2834694385528564
bloom,4.481740474700928,1.0453815460205078
mafia,4.762268543243408,1.1582908630371094
forgo,4.483895301818848,0.994001567363739
quirk,4.458739757537842,1.0656293630599976
soggy,4.726324558258057,1.282295823097229
dumpy,4.6233229637146,1.2561476230621338
evoke,4.795510292053223,1.1493945121765137
dully,4.728058815002441,1.2763551473617554
sushi,4.482495307922363,1.0269455909729004
thigh,4.685333251953125,1.3027398586273193
usurp,4.483863353729248,0.9941838383674622
gumbo,4.466364860534668,1.060180902481079
putty,4.704450607299805,1.2864782810211182
offal,4.483827590942383,0.9948644042015076
folly,4.6973724365234375,1.2896112203598022
clock,4.238302230834961,1.395337700843811
click,4.525296688079834,1.0493136644363403
shyly,4.369435787200928,0.8728439211845398
juicy,4.515783786773682,1.140217900276184
polyp,4.712597370147705,1.2688238620758057
cynic,4.705965518951416,1.2729530334472656
rajah,4.483741760253906,0.9963050484657288
taffy,4.707181930541992,1.27071213722229
fjord,4.6617913246154785,1.275498628616333
allay,4.4836578369140625,0.9979203343391418
stiff,4.6440958976745605,1.3089700937271118
idyll,4.70210599899292,1.2591973543167114
paddy,4.672135829925537,1.2796562910079956
expel,4.483460426330566,1.002109169960022
geeky,4.483240127563477,1.00736665725708
furry,4.666507244110107,1.2815372943878174
civil,4.362432956695557,1.0818008184432983
witty,4.666837215423584,1.2781553268432617
beefy,4.483460426330566,1.001863956451416
nymph,5.402374744415283,2.7781150341033936
myrrh,4.391116142272949,0.8831329941749573
wimpy,4.675395488739014,1.2594163417816162
spook,4.483437538146973,1.002149224281311
filly,4.68706750869751,1.258673906326294
kebab,4.48345947265625,1.0015919208526611
cacao,4.846766948699951,1.1305088996887207
gawky,4.6792731285095215,1.2533893585205078
sniff,4.67377233505249,1.2638180255889893
swoop,4.483295440673828,1.0050632953643799
willy,4.645021438598633,1.276381254196167
hutch,4.660440444946289,1.2632431983947754
abyss,4.664515018463135,1.2601845264434814
level,3.94022274017334,0.5785777568817139
ruddy,4.67606782913208,1.2477455139160156
kitty,4.570833206176758,1.311535120010376
gully,4.667096138000488,1.252504825592041
undid,4.483329772949219,1.0036044120788574
lupus,4.482730388641357,1.0178625583648682
lowly,4.670693874359131,1.2481141090393066
bosom,4.483037948608398,1.0102900266647339
cliff,4.575009346008301,1.3012951612472534
spoof,4.482934474945068,1.0126163959503174
swish,4.656516075134277,1.248932123184204
goody,4.482988357543945,1.0112276077270508
tooth,4.480196952819824,1.0594477653503418
cabby,4.672614097595215,1.2364284992218018
hussy,4.671487808227539,1.236276626586914
knack,4.657217025756836,1.240431308746338
bongo,4.482906818389893,1.0127711296081543
pixie,4.86462926864624,1.1198790073394775
moody,4.481213092803955,1.0429767370224
juror,4.482850074768066,1.0139635801315308
oddly,4.641366958618164,1.2462148666381836
squib,4.593177318572998,1.0839722156524658
inbox,4.630908012390137,1.2045512199401855
hippo,4.482674598693848,1.017859935760498
savvy,4.608773231506348,1.2597827911376953
quell,4.483028888702393,1.009401559829712
happy,3.8858084678649902,1.1046721935272217
funky,4.5639753341674805,1.247274398803711
fugue,4.888116836547852,1.1109189987182617
macaw,4.4829511642456055,1.0107200145721436
booze,4.878169059753418,1.1129887104034424
verve,4.482370376586914,1.0206019878387451
papal,4.482667446136475,1.01615309715271
idiom,4.891304969787598,1.109459400177002
hunch,4.645926475524902,1.220597743988037
skulk,4.650318622589111,1.2168229818344116
bully,4.624146461486816,1.2306113243103027
jewel,4.479005813598633,1.06511652469635
mucky,4.665341854095459,1.1819441318511963
mambo,4.479259490966797,1.0610272884368896
quack,4.634881973266602,1.1035640239715576
lobby,4.5277605056762695,1.264729619026184
tatty,4.781067371368408,0.9704418778419495
wryly,4.456060409545898,0.9143760800361633
llama,4.481961250305176,1.0211824178695679
unzip,4.640344619750977,1.1124556064605713
icing,4.481535911560059,1.024722695350647
plaza,4.481073379516602,1.1620852947235107
emcee,5.75563383102417,1.0585349798202515
aback,4.479581356048584,1.0118802785873413
cocoa,4.891296863555908,1.1298298835754395
pulpy,4.631378650665283,1.1943410634994507
onion,4.859854698181152,1.1439988613128662
ovoid,4.949448108673096,1.116044044494629
chaff,4.619818210601807,1.1880061626434326
cubic,4.470951080322266,1.0583691596984863
guava,4.961366176605225,1.1192423105239868
scoff,4.6182780265808105,1.182384967803955
fifth,4.313491344451904,1.2216764688491821
cluck,4.616920471191406,1.179315447807312
livid,4.471796035766602,1.0018529891967773
check,3.9280972480773926,0.6859679818153381
jetty,4.600924015045166,1.1794133186340332
fifty,4.457129001617432,1.2016265392303467
khaki,4.468925476074219,1.0107958316802979
stuff,3.8252577781677246,1.0221388339996338
fully,3.8054111003875732,1.0960965156555176
skunk,4.592476844787598,1.1743645668029785
jelly,4.535085201263428,1.1807324886322021
plump,4.539112091064453,1.176483392715454
bunny,4.491873741149902,1.179872751235962
amass,4.4667253494262695,0.9944084286689758
assay,4.463798522949219,1.0291922092437744
baggy,4.59636116027832,1.1628056764602661
dodgy,4.593128681182861,1.1635987758636475
woody,4.462944507598877,1.033582091331482
quill,4.46303653717041,0.9960146546363831
snuff,4.581592082977295,1.1576156616210938
knock,4.489997863769531,1.1614515781402588
vigil,4.460827350616455,0.9972788691520691
motto,4.458226203918457,1.00143301486969
fussy,4.577657222747803,1.1359795331954956
quick,4.318051815032959,1.1471017599105835
mucus,4.456602096557617,0.9857658743858337
sassy,4.842048168182373,0.9937445521354675
hippy,4.574423789978027,1.1332896947860718
widow,4.4574666023254395,1.0211519002914429
goofy,4.455281734466553,0.9903185963630676
giddy,4.578264236450195,1.1264863014221191
whoop,4.453736305236816,0.9792806506156921
chock,4.5787458419799805,1.1212756633758545
gruff,4.585314750671387,1.1157269477844238
funny,3.954298734664917,1.11599600315094
piggy,4.568817615509033,1.115217685699463
chick,4.430987358093262,1.1219544410705566
biddy,4.588138103485107,1.1115367412567139
nanny,4.8530707359313965,1.0073045492172241
ninja,4.47011137008667,1.0349924564361572
which,4.571538925170898,0.615074872970581
kinky,4.526058673858643,1.1049048900604248
buxom,4.658154010772705,1.0617201328277588
humus,4.471654891967773,0.9925927519798279
jolly,4.541457653045654,1.102184534072876
hobby,4.423341274261475,1.1017987728118896
slyly,4.64536190032959,1.0175957679748535
femme,4.4932708740234375,1.0338019132614136
dowdy,4.596252918243408,1.0664268732070923
maxim,4.501239776611328,1.0543431043624878
gypsy,4.638576984405518,1.0566954612731934
sissy,4.94089937210083,1.008185863494873
madam,4.512625694274902,1.0473917722702026
muddy,4.565337657928467,1.0475003719329834
foggy,4.589202880859375,1.0455540418624878
dummy,4.537596702575684,1.046897530555725
skiff,4.5985589027404785,1.041563630104065
known,3.761167287826538,0.9931660294532776
jumbo,4.677364349365234,1.1402910947799683
twixt,4.606107711791992,1.0333160161972046
bluff,4.526702404022217,1.0356882810592651
chuck,4.404996871948242,1.0277513265609741
buddy,4.125481605529785,1.0111992359161377
guppy,4.606170654296875,1.030643343925476
humph,4.613845348358154,1.0292704105377197
ninny,4.996098518371582,1.005676031112671
gummy,4.6184916496276855,1.0264594554901123
jumpy,4.3114237785339355,0.7876790165901184
shush,4.63132905960083,1.023749828338623
pizza,4.536565780639648,1.2070343494415283
daddy,4.9172186851501465,1.0710372924804688
minim,4.561907768249512,1.0610299110412598
buggy,4.599822998046875,1.0221824645996094
queue,5.233852863311768,1.216176152229309
gamma,4.611681938171387,1.3255540132522583
magma,4.571357727050781,1.0776278972625732
boozy,4.585989952087402,1.0677456855773926
puffy,4.587055206298828,1.0123839378356934
kayak,4.583245754241943,1.104957938194275
whiff,4.665710926055908,1.0117524862289429
mammy,5.082555770874023,1.0210751295089722
booby,4.616342067718506,1.0782464742660522
affix,4.627413749694824,1.0813746452331543
kappa,4.62152624130249,1.1149052381515503
woozy,4.645946502685547,1.079526424407959
pygmy,4.919666290283203,1.1539340019226074
mimic,4.645784378051758,1.0959515571594238
poppy,5.102062225341797,1.0385568141937256
dizzy,4.682941913604736,0.9924017786979675
civic,4.6460371017456055,1.2193635702133179
bobby,5.112113952636719,1.101568341255188
fluff,5.226670265197754,1.0510913133621216
puppy,5.159791469573975,1.0898334980010986
vivid,4.759212017059326,1.1590994596481323
jiffy,4.775157451629639,0.959319531917572
fizzy,4.782098770141602,0.9598787426948547
mummy,5.253713607788086,1.0650122165679932
mamma,5.587980270385742,1.3215731382369995
jazzy,4.82404899597168,0.930185854434967
fuzzy,4.7264227867126465,0.9182334542274475
