raise,4.074256529778889
slate,4.05891419252938
crate,4.044426464977779
irate,4.042016375718312
trace,4.041428402129088
arise,4.034767941878586
stare,4.025299783093858
snare,3.99952082520612
arose,3.997932022314528
least,3.986736962882473
alert,3.9827104052455393
crane,3.980592974907975
stale,3.9776754678899304
saner,3.9743071854028647
alter,3.9600681822245756
later,3.9551594727731216
react,3.948411680745814
leant,3.9402460951840514
trade,3.938157897930826
learn,3.920492010954165
cater,3.9140045113107718
roast,3.9129499236252983
aisle,3.9071511740666685
trice,3.905355201077059
scare,3.9027579177329668
parse,3.9022044465621613
saute,3.8956264104885876
heart,3.89168798498796
alone,3.8913531436794147
store,3.888878505617476
alien,3.888232530225648
share,3.887383811994089
grate,3.884454433965009
trail,3.8755369692513946
siren,3.870119739719682
snore,3.8667420298642883
caste,3.861181108290893
scale,3.857483649758852
atone,3.8521778802850752
renal,3.8504737619364393
dealt,3.8502680521929613
spare,3.8478043321571573
train,3.847502559772736
plate,3.84688317017999
clear,3.8462427699979673
rinse,3.8454095054146324
teary,3.838650282421727
shale,3.837725599438343
solar,3.837424330536197
trial,3.837369501399577
glare,3.835296416458628
pearl,3.833064058125003
lance,3.8271305014203243
stole,3.8257701550560004
canoe,3.823854796540749
sonar,3.8236288359702617
stair,3.8223370114161144
slice,3.8220773767535956
crone,3.8213716483326086
tenor,3.8198824543184484
taper,3.8190072459294115
saint,3.816971175297772
route,3.810831753396423
slant,3.807226928804731
cleat,3.8053435833510925
tread,3.8049631544537545
blare,3.8047537546478996
hater,3.801864451296572
steal,3.7985147893380775
tried,3.7971507885170177
plane,3.792582553055374
rouse,3.7925749481945332
paler,3.7879377296454297
loser,3.787753783708839
suite,3.78379059325779
tripe,3.7837710407546723
crest,3.7834110219555996
shear,3.781711949050327
sauce,3.778766342021462
great,3.7784052617456187
shire,3.7775371486836784
large,3.774733154478762
tamer,3.7707730526743797
noise,3.7685131592456154
stone,3.768157194993371
adore,3.767655023800152
lapse,3.7654193883518867
score,3.7648017613676164
close,3.7636168713756857
trope,3.7623106183720285
table,3.7607303778249097
shore,3.758941859580887
paste,3.7581778057564446
horse,3.757609869220993
leapt,3.7555543715359088
truce,3.755132117237132
grace,3.754915743380284
earth,3.75347986510651
risen,3.752888199628201
cause,3.750342088414755
liner,3.7460497443066942
aider,3.7441127448160993
lathe,3.7412795526681055
drone,3.7411441356932658
haste,3.74105913768525
carol,3.7371253435104803
brace,3.736661738387237
prose,3.7358684484291693
yeast,3.7333728681176814
clone,3.7332673712361872
snarl,3.732453756356259
coast,3.731353185788115
place,3.731162078221682
slain,3.7310611737066646
spear,3.729905518460653
flare,3.727316143591665
prone,3.7258865660116953
spire,3.724700943674786
realm,3.723560543900287
beast,3.723271100868804
panel,3.7221034649563665
range,3.720859951236997
cairn,3.7207665702190456
pleat,3.719667919313796
satin,3.718376963472469
cadet,3.718330011690592
meant,3.717176687160162
leash,3.716558190240253
plier,3.7156536825275115
layer,3.715553778484713
stern,3.7136849265947385
drape,3.7133006674691647
louse,3.713033195351846
yearn,3.7124519423480646
urine,3.7108201596823145
coral,3.7084168704289864
tonal,3.7080774364942135
ratio,3.7074028434405957
slide,3.7066950060059023
snort,3.7056237178876597
tribe,3.703593830919038
since,3.7034198816986947
clean,3.702709730231949
resin,3.702210470372172
arson,3.701798130356111
spore,3.70081666011663
inert,3.7007445315112832
lager,3.699471599403386
snail,3.6981566887301836
cedar,3.697966801468478
curse,3.697813256913024
talon,3.6976875993365423
salon,3.6961100292019498
baler,3.6961015836448436
caper,3.695791493608582
triad,3.69480113667322
their,3.692754498001047
stage,3.6911946833923848
petal,3.6910407521852413
enact,3.690238841894339
inlet,3.6886743975399465
price,3.6868426234749374
cruel,3.686759790436474
early,3.685543828559466
trash,3.685420951860191
laden,3.684110198146493
smear,3.684000264135903
nurse,3.6832437109328735
poise,3.683161327364875
merit,3.6784798514827113
relay,3.6774302778809327
baste,3.676213230815254
islet,3.6762100436714613
inter,3.6761655835440945
tease,3.6755821157628077
space,3.673096549500407
spite,3.6730324042113853
ramen,3.6703061700706985
heist,3.6701907881652582
reach,3.669281500435033
onset,3.6692685091632042
dance,3.669242020916238
those,3.667951349697573
safer,3.6678928766097085
slope,3.6671679569623303
cried,3.6670069486053976
erase,3.6661093442294375
tapir,3.6660445019701684
pause,3.663738404695996
sedan,3.663394337102736
chase,3.6622582393563
feast,3.6619336867906225
peril,3.660297549093568
outer,3.6602638152131286
haute,3.658965558404483
utile,3.6577183574586494
stein,3.656975615303289
slime,3.6564202216152477
tilde,3.6556251870194303
grade,3.655607249901957
stain,3.6554114538262796
shine,3.655047686631926
spiel,3.6538789221319092
agile,3.6538184389127224
shalt,3.6532102588463364
false,3.6524984647763294
hotel,3.650469879623283
chore,3.647851746034663
penal,3.647577585753212
regal,3.6469271558124188
farce,3.6465675181986152
eclat,3.645216677578348
shone,3.644552030812488
water,3.644179358903098
trend,3.6436662723635065
brine,3.6430881043874663
cable,3.6427906866585418
poser,3.6426859024788003
heard,3.6421243691405305
teach,3.6420791298791864
anode,3.6414782665882544
scone,3.640954143020544
plait,3.6404031826258185
afire,3.639519900046557
borne,3.6390303332427547
lease,3.6379871932798737
grape,3.637883256442284
timer,3.6372290280297315
taker,3.635360323004935
drain,3.635319932810048
satyr,3.6345238888407865
metal,3.6344844739864057
droit,3.634345913631817
smart,3.6335313834244305
grant,3.632979494201147
write,3.632551033720767
tiger,3.632488903367374
acute,3.6302096090698566
polar,3.628964893466189
delta,3.628687491783373
diner,3.6283684836397594
bleat,3.6273011659131713
smile,3.6255218043275446
crime,3.623262676478714
skate,3.6231785885888517
smite,3.6224496487180344
forte,3.622435834890514
wrote,3.6177819813413237
argue,3.6176174838610846
elate,3.616900063807348
artsy,3.6166587156151566
actor,3.615412426857814
camel,3.613909502511241
remit,3.6128223395466335
terse,3.6124958061142274
scant,3.611552258076914
cutie,3.611171798636576
sober,3.6105608697888005
shade,3.6093542425931067
slept,3.6062422153002776
chart,3.6058610981207426
grail,3.6047298330088307
motel,3.6041122003259276
purse,3.6025855439618093
stead,3.600942517591256
phase,3.599270866741612
feral,3.5987543292952635
spine,3.5987420390492364
anger,3.5981130334020905
cream,3.5980820704567744
aside,3.597943176521722
snide,3.595837512453294
smote,3.594758681137723
shape,3.5945846931929033
slave,3.5944293767464432
angle,3.593991168023037
paint,3.5931911825702967
short,3.5930969627574236
nicer,3.592867683994475
plant,3.5916234701165934
cheat,3.591166882473833
alike,3.589669814753166
leach,3.589645688792725
anime,3.5893085094587085
snipe,3.5882141086332475
loath,3.587804481569877
lithe,3.587788879240062
older,3.586836528539032
worse,3.5864833104592373
waste,3.58554625453558
shirt,3.5849561594930734
court,3.5844669568827245
heron,3.5839421233739825
spelt,3.5838191001974264
prune,3.5829247825052937
miser,3.5826651773225824
swear,3.582560302727282
rainy,3.581956314931594
payer,3.5808959099655198
unite,3.580864274327069
goner,3.5806950267199738
ripen,3.580468151920697
crave,3.57995002145135
pride,3.579887167942023
crept,3.578772581201461
relic,3.5787148856672166
pried,3.5783589097084247
eater,3.578281684026655
salty,3.576693930504811
death,3.5756481207653557
acorn,3.574633052402214
stake,3.5743661711410755
glade,3.5738589141969035
molar,3.5734978524706373
cider,3.57339336998622
sepia,3.5723154159330646
stray,3.571373506445639
scent,3.5711340951129027
valet,3.571094078594955
salve,3.5705985081460794
brute,3.568833806067198
lunar,3.5681709337014214
recut,3.5674450458820677
beard,3.566885818704531
spade,3.5662344993435946
after,3.564436556813978
sleet,3.563648161793856
angel,3.5634070463586816
ready,3.563093388595876
gloat,3.5626405283009723
boast,3.5619220248724024
chair,3.5604924154904594
swore,3.55929997378016
shame,3.558819168007314
drake,3.5581180809415898
carve,3.5573978257259453
snake,3.5570465268781395
shoal,3.5568877503999605
harem,3.556535547498605
recap,3.5553349952603353
metro,3.5550502206014136
miner,3.553719491199417
moral,3.5536869575184347
surge,3.5533572674425846
grain,3.5515548364017184
print,3.551157937617995
horde,3.5510795268644926
style,3.5504224573376737
royal,3.549933228992194
spice,3.5493741902074394
blast,3.5490317683104817
super,3.548878590784368
sport,3.546376790189762
barge,3.5453556967481106
blade,3.545086027158436
trove,3.5449313618049265
glean,3.54476762416609
unset,3.544457390643141
manor,3.5437893117512442
decal,3.543277042629368
nadir,3.5415391834926164
crust,3.540234875746254
flier,3.5392943508171495
maple,3.5386631695995363
cease,3.5383434420753077
wrest,3.5381149802963363
email,3.537215002408907
smelt,3.5367982021304574
groan,3.5367630981626488
untie,3.5359740518836067
strap,3.534959488436052
crash,3.5344589626718417
house,3.534262455757749
singe,3.5340339995305774
copse,3.533443286133269
treat,3.533268430569552
bloat,3.5330261397107106
comet,3.5324633844592452
reset,3.532380965896762
gruel,3.531599462717491
brain,3.5313471376160086
roach,3.5312851702478794
rifle,3.5312543677513806
rouge,3.530981907904926
abort,3.5301850801871923
sweat,3.5300191654437016
fetal,3.529484735348576
filet,3.528605648842021
reign,3.528341698106418
steam,3.527713783262924
agent,3.5262719686032056
avert,3.525821874707734
chose,3.524625232065522
crude,3.5246181453684335
rayon,3.524212978832703
splat,3.523870863581502
taken,3.5234668361894173
pulse,3.5231380323626396
ulcer,3.522948758583195
spent,3.522887496102257
tidal,3.521856306751419
prime,3.521667328179307
gayer,3.5209474681476762
opera,3.519175244268719
tower,3.5178586045237457
hoist,3.517677905043578
facet,3.517344478026183
labor,3.5170410284271534
plain,3.5163410154867414
sower,3.516273120401468
guile,3.5154333726936002
alive,3.514464672049176
skier,3.514460978185342
debar,3.5143150257632403
torus,3.5138384538962377
giant,3.5130296607891727
ultra,3.5122435299962866
staid,3.5122036600824966
trite,3.5121425272235562
cameo,3.5121031785472705
dream,3.5112511181924586
serif,3.5096208647267177
stave,3.5095700049848464
frame,3.508568625146256
force,3.5070493947043633
olden,3.5060546458104267
refit,3.505716760474097
idler,3.5044461879946787
decor,3.5042181423387904
rogue,3.50364998342891
credo,3.5024886109779363
radio,3.501802987514631
frail,3.5013147877687896
repay,3.5007849430129325
adorn,3.5006324446278057
erupt,3.5003850161199224
bread,3.499969192479374
bathe,3.4998125844629726
pedal,3.4997793915429574
plied,3.499479642811358
baron,3.499339874966076
thorn,3.4993398621849767
gripe,3.499007758297488
amuse,3.4989567317729993
flair,3.498243882899807
other,3.4973961086991374
raven,3.4956682007837125
sloth,3.4943827942685197
pecan,3.4929823643196167
hoard,3.492899057958159
bride,3.490613217407226
gamer,3.4905408362946244
elite,3.4900301342561026
ocean,3.4898339557234963
shied,3.488433794716317
mealy,3.4883861835723526
filer,3.486700758067971
easel,3.486258134847657
craft,3.486254623111695
stand,3.485822024979731
dirge,3.485693516371979
boule,3.4855144403073806
trawl,3.4852514507825916
eaten,3.485175057652711
grope,3.485139410627227
mouse,3.485099960632019
rivet,3.484785671175601
apron,3.4846631171184157
retch,3.483683315594956
dairy,3.483235672548713
tuber,3.481900975624016
latte,3.4812571111663315
snout,3.481049903797779
towel,3.4803392119435994
moist,3.480089199839057
story,3.4799294223382886
blame,3.4799221957803246
opine,3.47927257767769
creak,3.4791296064377506
shorn,3.4790008732885687
matey,3.4783628785003353
scorn,3.4774902398505327
point,3.4774208322755946
ideal,3.4772825066289013
guise,3.4768949126025515
plead,3.4767769060287668
chant,3.4764598761781844
spilt,3.4761175759445138
noble,3.4760121984023513
meaty,3.475868894475784
ashen,3.475554546427279
ounce,3.474708051897847
delay,3.4742553670392837
waist,3.472862391363579
pesto,3.471449250176969
diary,3.471379749320693
tense,3.470578665751709
state,3.4703750934406026
bluer,3.4692919626921133
steer,3.468897795457706
party,3.4680221193577774
terra,3.4664257453580722
ankle,3.465348365354956
tardy,3.4644928139899434
clout,3.4641930058814316
grime,3.462423020493541
solid,3.461781607905151
scary,3.4616141913586866
brake,3.4608879366751166
shard,3.460863606247416
pilot,3.4604115197047505
probe,3.45981065170965
taste,3.4596151566994853
daunt,3.457831086490824
broil,3.456858048825776
hairy,3.455681256657919
twine,3.4553879506785368
sugar,3.4551092266925263
swine,3.454766636832649
ascot,3.454524801392558
wiser,3.4535142240641843
cigar,3.453117721574914
scope,3.452959806314033
serum,3.4526136167078727
weary,3.4517723915787593
clash,3.4510372510069773
float,3.4506653543372323
whale,3.4502028404927474
finer,3.449341433914226
naive,3.4488249377095643
nosey,3.448782954114132
reuse,3.448487284459192
abuse,3.447025133420611
trait,3.446520961124209
choir,3.4464401633102137
ranch,3.4458017089788773
voter,3.4455386714505956
posit,3.4453810059584242
savor,3.4444262844257874
frost,3.441924086864189
medal,3.441877630435242
octal,3.4416859525848094
patio,3.4411353366931023
faint,3.4409599024944417
intro,3.440957563303428
sneer,3.440602278923996
organ,3.4400025482206296
lower,3.439701851702227
solve,3.4387869778266755
phone,3.4387620657873352
north,3.4380898370793465
ovate,3.437936772442681
chest,3.437705047438942
count,3.437648984098688
slang,3.437524516586268
shake,3.437486783773189
prude,3.4349060639095774
torch,3.434748332824259
haunt,3.434280212063639
scree,3.434152811903112
clued,3.4340898263312982
ridge,3.4339590841578485
orbit,3.4337836948076266
clasp,3.4336101953585807
ample,3.4335525405841225
spied,3.433460409339082
rebut,3.4324956176017727
entry,3.4300057459261866
scour,3.429656844222288
melon,3.428722102534889
strip,3.428547248928084
steel,3.4283011963355734
cargo,3.4281349534537555
glide,3.4276652498399636
wrist,3.427622657733673
three,3.4273738316959186
bagel,3.4266368130036153
groin,3.4261006465820425
crony,3.4257693480158657
split,3.4242127947465235
craze,3.423537352622871
irony,3.423158049950006
stark,3.4224764577502813
mince,3.422342170044969
worst,3.421904632184836
front,3.4218249009402006
piano,3.421124175772082
board,3.421094011094591
stoke,3.420732918596145
peach,3.4205555152812748
sharp,3.4204280255343464
steak,3.419599975723491
grout,3.4192266714303194
spoil,3.418323990688165
homer,3.41727473941189
grave,3.4168390970448437
basil,3.416234279946471
guest,3.4156022150939616
aloft,3.415182501979101
marsh,3.4144388204257274
chute,3.414290452910345
coupe,3.4139969934531
tarot,3.4136162092720275
first,3.4135627256416248
setup,3.41294123453764
suave,3.412368728144814
mange,3.4123396170513134
daily,3.412327239187481
baton,3.4122591641300124
flirt,3.41061629907082
scaly,3.4094871929408033
track,3.4090286642531527
model,3.408974766814833
fried,3.408803791108193
uncle,3.4080705979389587
adept,3.407509924989976
truly,3.407027067835402
deity,3.4067842304541056
tonic,3.406523609798483
align,3.4062668450676785
acrid,3.4062422546959428
flame,3.4037839949304414
tramp,3.4026953096683323
scald,3.4022278146184792
arena,3.4020782870469217
corny,3.4019241601950863
lemur,3.401672255407501
sonic,3.400963062120429
scrap,3.400627307774135
curio,3.400427027390328
braid,3.4003969727553462
berth,3.39956844372564
lemon,3.3995300969215547
token,3.3984041461674512
sinew,3.3983976112101115
sneak,3.398102815775136
upset,3.3977479364350893
depot,3.3975508895583166
navel,3.397114775260064
twice,3.3970875539335954
scion,3.396950897249825
draft,3.3964902514996576
minor,3.3963541337244383
cower,3.396332761321866
daisy,3.396238632818482
chain,3.395860191920899
claim,3.39530409901873
grand,3.3944348947541045
broad,3.3941399014472426
plaid,3.3938461614337148
lover,3.393682600349485
brave,3.3931436177458028
begat,3.3930560483859344
flute,3.391942970233004
abide,3.3916155207913343
storm,3.3912507466096713
latch,3.3906498822849813
nasty,3.3901893502724665
valor,3.3893677911854154
there,3.3893483139064204
mural,3.3892680738522105
title,3.3889688063936316
tango,3.3870564890925126
rapid,3.386545877007626
spurt,3.3859472533409285
spray,3.3857188672991607
antic,3.385195816326589
mayor,3.384648029048932
rhino,3.3845765768790503
audit,3.383909803461991
sadly,3.383840667537754
croak,3.383625921779628
lodge,3.382349939817988
flora,3.3821219404837604
inept,3.3820511505755295
usage,3.3816255617499755
adult,3.381525098830415
value,3.381479602009075
abled,3.3810596814592815
brash,3.381023334720567
crisp,3.380921137133634
oaken,3.3799154094400543
mason,3.379778960963026
stoic,3.3796045936820316
soapy,3.379198593917437
fecal,3.378128694652344
wager,3.3778785938931897
gaunt,3.37780857886687
macro,3.377413569580525
spree,3.3771474716623913
erect,3.376614477683355
greet,3.3762024235127424
edict,3.3757391875883496
skirt,3.375216386747388
fable,3.3749409788966767
agree,3.374736061462732
foist,3.3743391378305017
abode,3.3741800012326273
liver,3.374030340949117
ralph,3.37311400370362
along,3.3727851792239774
angst,3.3725356207221977
grasp,3.3722982452147496
shave,3.3720142523085763
brand,3.371853469193248
today,3.3715867973137117
south,3.371201074825987
stony,3.371189805302672
dunce,3.370408910673599
amber,3.370348625276306
cagey,3.369496814642645
scout,3.368589108698394
scalp,3.36847804253382
crawl,3.3684620902914078
glint,3.367526477256048
tepid,3.367484336959742
carat,3.367433543043035
under,3.367345368720138
amble,3.3651171939087767
straw,3.365002250943825
stalk,3.3646630626749547
verso,3.3638748926017996
surly,3.3621426983909086
poesy,3.3620157064356997
aloud,3.3618849490569684
shout,3.3615537216182068
third,3.3597291189384517
chard,3.35948548920519
tiara,3.3592856195235843
peace,3.35917416829942
tonga,3.359020907903936
cobra,3.3586598168573607
lunge,3.3586459537351274
piney,3.357828261686013
honey,3.3562131880579473
beret,3.355573827930962
reply,3.355025928644697
adobe,3.3545831341822523
noisy,3.3545675535830806
scram,3.3544136538669287
crier,3.3541441011275834
altar,3.3537838868983774
loose,3.3535645265704486
chide,3.3531225520466386
stove,3.352679441595562
unlit,3.3526654148553217
randy,3.351411062626766
patsy,3.3512578922638028
round,3.3511088640033684
gaily,3.350712373657312
fault,3.350385750384844
cloth,3.350159225756685
tumor,3.350064627315064
racer,3.349574439598705
weird,3.3495259599553187
crank,3.3492497742814966
rehab,3.349217634023592
drive,3.348463493941869
piety,3.3482620589565966
palsy,3.3481106023555207
basin,3.3476375586938616
covet,3.34673031397853
moult,3.346236344129763
purge,3.3453771759508104
maker,3.3451081838066927
deter,3.3447250082256867
wrath,3.3446779190311493
parer,3.34438973631704
sheer,3.344294815733085
saucy,3.3441725753257403
eagle,3.3439437158323413
image,3.3427308517950944
forge,3.3421435375763426
halve,3.3420327695932475
liken,3.341986463320465
cover,3.3413220635861762
burst,3.341287343456133
start,3.3409889139340576
perch,3.340810142752853
tract,3.3403854974338127
chaos,3.340227199047276
erode,3.3398212678058035
wheat,3.3379685200470584
guilt,3.3369734083204925
sheet,3.3369254957965553
lurid,3.336701622455211
drove,3.3366890907949314
slurp,3.336308295454778
truer,3.3359716082139026
enter,3.3344080718185487
gleam,3.3340315066619337
leafy,3.3334131620339575
grunt,3.3331186720234554
toast,3.3330862990629955
debit,3.3325522567225714
overt,3.3323645022956896
lumen,3.332298292508515
grief,3.332178620763964
owner,3.3321212138166434
clove,3.3321184723515183
voice,3.3317938605056514
olive,3.3315018011500843
felon,3.3311378222452594
chafe,3.330665967670597
robin,3.3304809986550157
blurt,3.330281154679747
viral,3.330172368205606
caput,3.3299329192028426
shrew,3.329668128683492
threw,3.3287311374112605
graft,3.327460638492529
screw,3.327322522931798
cleft,3.327071638878207
fruit,3.3269809133705257
twirl,3.3268321899515714
baker,3.326162011040137
prove,3.32566474206955
clerk,3.325219645212938
golem,3.3246715866125762
amend,3.323938812836846
while,3.323348354086819
beach,3.3233449796525547
raspy,3.3227230167725486
rabid,3.321622629354928
donut,3.321347416411879
clang,3.3211876527476587
riser,3.3210587595749357
niche,3.3209681992377162
until,3.320472269971148
fairy,3.319888532641048
swirl,3.319698884192692
brunt,3.318622002424073
corer,3.318356861691929
preen,3.3181584880087995
sandy,3.3174060202003095
eager,3.3162344263286885
dirty,3.315921475847204
unmet,3.3150732278651573
money,3.314866857203862
decay,3.3145884706216386
thief,3.3134978257036267
globe,3.312681564357916
media,3.312465931596396
spout,3.312353270764673
broke,3.312007825992364
inlay,3.3112758495893138
aunty,3.310554220303507
white,3.3095725795249704
asset,3.309554704547259
break,3.309455314011011
shunt,3.309299736067186
built,3.309272105955434
pansy,3.3092256192328695
knelt,3.308049664055023
infer,3.306797671871535
aorta,3.306795156959212
broth,3.3066913292513003
whole,3.306491706487156
stank,3.306216510584271
sperm,3.30517254444535
loamy,3.3051438172317114
yield,3.3047653685370335
gland,3.304525325482504
cheap,3.3044824422530557
bilge,3.303637805021923
fresh,3.3036071413399366
tubal,3.3033906063770724
leaky,3.3030583925090755
hinge,3.302961653916409
biome,3.302386942354398
mourn,3.301965549052478
wider,3.301576772577022
lousy,3.3012752688385296
brief,3.300807653081387
burnt,3.3001105580043277
power,3.300088453825066
retro,3.3000420112204107
wince,3.3000278017481794
nerdy,3.299846631431535
ester,3.2997833353955612
china,3.299743189050432
taint,3.29940014434142
deign,3.2993039555319545
chime,3.299085927114298
habit,3.2990307902923517
pasty,3.2987134242510754
cabin,3.2977191942320556
stork,3.297553106989083
foyer,3.2973158045382376
surer,3.2972426489025324
sound,3.297209975431403
boney,3.296294530692167
usher,3.2955686780773523
exalt,3.295274623821233
pinto,3.2938578990284504
relax,3.2937166875399844
warty,3.2923920853065156
fibre,3.2914247552837033
slack,3.291389468142929
poker,3.29111406622206
panic,3.2906701530238665
rival,3.2899266384017376
horny,3.288228866515524
sleep,3.2878664160565267
sling,3.287852163373665
shark,3.2877059511681836
novel,3.287452246037358
whose,3.2867249937813403
puree,3.2866622029275656
drawl,3.2864476380310204
ladle,3.2863503813398443
march,3.2850692851436305
modal,3.2849806171785545
heady,3.28479472711867
final,3.2845341409784385
flake,3.28445840209828
drank,3.284295125610033
croup,3.2841363260028893
foray,3.283497756100014
urban,3.2831371192531544
mercy,3.282481727681497
hyena,3.281880716211484
guard,3.2816743434623143
mount,3.2814215427849467
these,3.2812901660862033
adopt,3.2812720552404038
meter,3.281049570426753
genre,3.2804057913357876
began,3.279842018142003
decry,3.2791587163055844
often,3.2784759895202993
mirth,3.278389648990287
glory,3.2779327530982307
fiery,3.277361187437746
login,3.276277040423169
repel,3.2760700931731055
flint,3.275833079394126
roost,3.2756976302825533
hasty,3.2756368884987888
dowel,3.275606879612935
aptly,3.2752784797454386
scarf,3.275054985496772
gavel,3.2744073002649317
rusty,3.2741638390206296
demur,3.2733288227216497
drier,3.2721542871407356
prank,3.2717885355950247
cramp,3.2716951068066487
faith,3.271145363174103
scold,3.2711313948808667
creed,3.2708483114175904
sworn,3.270746873204028
charm,3.270679681074998
inane,3.270438327802807
wafer,3.27004087733956
spend,3.2697204381929375
plume,3.2696471663458886
guide,3.269048965587725
bland,3.2689220200329423
girth,3.2688826922090106
spike,3.2685176084301055
trick,3.2682804431414576
niece,3.268203555631245
cloak,3.2679595789095854
rebus,3.267698926298252
dense,3.265755394079016
tulip,3.265507155740524
crush,3.265153964281991
shaft,3.2648823328587793
troll,3.2646892672892314
flyer,3.264162494101492
elect,3.263965241344195
grove,3.2639320013632154
vault,3.2628413387869384
elide,3.2622962232423967
crepe,3.261864636650066
spurn,3.261082027780879
could,3.2608798476865117
azure,3.2604463421598067
curve,3.260394104071358
tangy,3.2602544270980616
scene,3.2591617570726887
ombre,3.259013444320396
graze,3.2589136523767817
salvo,3.2578536326991765
gonad,3.2564767800030268
noose,3.2556910538528334
rearm,3.2555532827730733
leper,3.255520883871811
vital,3.255105575426365
whine,3.2547587550351644
dicey,3.254558152587824
drift,3.2529906951986822
manly,3.2528547790217828
haven,3.252355716910691
badge,3.2517780710311226
drawn,3.250806203550969
bacon,3.25053178620194
green,3.249713291778608
elfin,3.249447761422229
allot,3.2489206659947905
sheen,3.248896277641749
clank,3.2473912053164113
about,3.2473378365714582
otter,3.2472247925118345
birth,3.24688964273741
freak,3.2460242951935085
gnome,3.244570357119368
denim,3.243382073913487
total,3.243041418005376
prism,3.242799386110948
demon,3.242530027132139
elder,3.241846115422518
chord,3.241334208257379
diver,3.24131337442896
froth,3.2411145336938527
hover,3.2410241719852193
mower,3.2409638496209943
amity,3.2407749642467607
curly,3.240337518133178
tunic,3.24021218369379
flour,3.240125661379506
tulle,3.2388355700577494
spark,3.23852392112088
siege,3.238522215890856
spoke,3.237949418129627
hotly,3.237764123314311
coven,3.2374529832289745
speak,3.2372041473102913
micro,3.2370031560877597
proud,3.236937290240077
blend,3.2357500591961577
algae,3.235442045255532
ethos,3.2348194623047233
ovine,3.234779334923997
patch,3.234085678579812
aware,3.2329965417017634
leery,3.2326315463712034
angry,3.2322935108495874
creep,3.2322742326119336
elope,3.2322085887980596
girly,3.2310799907858057
dwelt,3.230341067921925
vicar,3.2298127654977415
slink,3.229633547082757
gnash,3.2293702345680426
topic,3.229026715340007
grind,3.2287065389132126
cloud,3.228405161218787
binge,3.22800664038569
shove,3.227747558677382
slimy,3.2270212188961636
stall,3.2269720788463907
field,3.2267777617063653
agate,3.226511759019813
prawn,3.2258175725674505
shiny,3.2254234923292184
neigh,3.22540891570137
flash,3.2253811992022294
fiber,3.2252318343298683
beady,3.225001753491134
visor,3.224911904660346
voila,3.2246133362021134
manic,3.2245075468799365
buyer,3.2244408150711696
wreak,3.22258184495108
torso,3.222305409648504
tempo,3.222164519151793
hardy,3.22207181055701
incur,3.221508986719947
rupee,3.2203506771116324
focal,3.2201229161006606
touch,3.220075442473881
lapel,3.2198349003592277
creme,3.2196533128868783
impel,3.2194579622191193
turbo,3.218709583996967
porch,3.218223615836435
fetid,3.217470103969046
ghost,3.2171973376936953
briny,3.216708525158986
bloke,3.2158857215845913
cavil,3.2157424267748698
primo,3.2152785466615637
apart,3.215159033638322
dopey,3.2151169230472276
belie,3.215038994693464
wield,3.2149978349212183
forth,3.214541269180137
cyber,3.214345803871923
egret,3.21337161768727
locus,3.213219836119226
swath,3.2131999463837952
rebel,3.211985617452317
bison,3.21175390930325
abate,3.2117157125485076
graph,3.211446368786336
flesh,3.2099130913262712
tipsy,3.2094418403475187
betel,3.2093258609475006
steed,3.208340452949574
cheer,3.207979026450945
churn,3.2077621295364547
stack,3.2074917620586967
sting,3.207413063130737
alley,3.2072628116255664
midst,3.204553377478919
crypt,3.2041385777117326
flout,3.203892462684011
stamp,3.2038655528896167
ruler,3.2035956376548422
blunt,3.203465876426267
vaunt,3.2028919316435855
beset,3.202508778715752
liege,3.202476974310385
harpy,3.2021129203125245
hovel,3.201949140761401
shawl,3.2005894060298705
throb,3.2004407894094524
smith,3.2003822842082283
viper,3.1996531309578886
fraud,3.1988935713335405
admit,3.198150091259964
right,3.1980609143607235
payee,3.197991724357977
eight,3.1975188753189716
piece,3.197083849825891
prong,3.196957420015305
shelf,3.1965294773605586
vapor,3.196402327386583
lyric,3.195702456362617
smoke,3.195158493855175
lurch,3.1949418610911198
viola,3.1941551754422015
welsh,3.1935621171265436
genie,3.1923774947781327
candy,3.191925858706788
waver,3.1910026586481615
trunk,3.1909546476605377
forty,3.190863056018291
lusty,3.1907998639630937
paper,3.1904845815477274
basic,3.1904560299700986
rhyme,3.189912464503454
mover,3.1894888808651043
atoll,3.189394110756622
notch,3.189235642364728
dread,3.18904785868863
rebar,3.1888822639425713
debut,3.1885458777071256
abhor,3.1879494776033996
widen,3.187865120730273
crown,3.1874344239538583
prize,3.1872308149105066
waive,3.18642870114248
bleak,3.1863426408737254
ingot,3.186183639092813
sheik,3.1861266145391127
masse,3.1855147791987926
fleet,3.1854376399016364
gourd,3.1852348281721943
linen,3.185050312785765
bugle,3.1849844947606507
leave,3.1849019965100025
swept,3.1847666558755257
disco,3.184443114744496
shady,3.1843206034608946
thank,3.1836281708234604
worth,3.183150707894764
brawl,3.1826602778013986
steep,3.181379754046353
audio,3.181297090783165
sprig,3.179724170719397
abase,3.1796820655030595
snack,3.17796268104381
glove,3.177819807491767
chirp,3.177729163072939
hyper,3.1774988478103787
agony,3.177332177351734
bowel,3.1771714965867424
maybe,3.1768822101588947
dried,3.1767207059745277
swarm,3.1763954348934345
semen,3.1761405517681736
giver,3.1759368964918036
shank,3.1756547667956596
natal,3.1752179381466195
lingo,3.1745176199702776
glaze,3.1739743939920353
frond,3.173747570773825
decoy,3.1736443776832353
nomad,3.172806339369177
world,3.1721903631003925
caulk,3.171782342835903
trout,3.171633820166886
match,3.171465475519419
plank,3.168921600758992
chief,3.168504972383943
rider,3.167401045272469
fetus,3.1672929408687236
spiny,3.166629764395986
clamp,3.1662010829193745
bulge,3.166029262294064
befit,3.165808968064936
knead,3.1647299408644254
tawny,3.164475361147513
unity,3.1644522050490242
depth,3.163955517506162
titan,3.163495105765328
psalm,3.163366734257127
sewer,3.162851217742304
evict,3.162607385768347
laugh,3.1624006549484114
slick,3.1622768168088236
serve,3.161877732824154
anvil,3.161755348182062
month,3.160866440279981
choke,3.160581113633468
cling,3.160480590019293
rodeo,3.1604607974154195
fiend,3.1604313371846664
extra,3.1579734005506777
stink,3.1548753116752275
bused,3.154855340106233
child,3.1545516687586272
thyme,3.1542933992423516
being,3.154247841982132
devil,3.1541141087386273
sight,3.1540702483901923
sumac,3.1531842824240277
synod,3.153046161361822
chasm,3.1527368988317583
canal,3.1525216562461162
maize,3.152137791273577
lefty,3.1519317102724997
movie,3.1517923056202943
verse,3.1515341499227723
stilt,3.151456562193497
tacit,3.150969129724216
ardor,3.150546484101117
exact,3.1503431425542576
shirk,3.1502226229250203
hazel,3.1501776244182786
suing,3.1496537594768323
label,3.1493307572325935
gazer,3.1490381234955445
crass,3.1486629688851484
begin,3.148140950302717
bicep,3.147611559716605
epoch,3.147475289747761
rough,3.1463714397589184
sword,3.1443737054547127
taunt,3.1442096409834055
rerun,3.1435235974235707
ethic,3.1433020419352067
awoke,3.142768412074266
utter,3.14263788228968
ether,3.1422051567255482
mauve,3.142127852190727
riper,3.1418729357485256
vista,3.14167295808824
vocal,3.1415474702506465
slung,3.141332640913263
sweet,3.1408824661257926
pence,3.140750437250161
rural,3.1406832228963406
belch,3.1405450509883392
brawn,3.139877968238349
prowl,3.139405913775331
batch,3.139385602212586
ensue,3.13928251702776
blaze,3.1385167435910657
quiet,3.1382609739359886
blond,3.137975798645068
heath,3.137745386210005
derby,3.136886312302935
order,3.1366674199788855
trust,3.135354947771196
afoul,3.1349799174879314
savoy,3.134596035032397
logic,3.134228563139646
yacht,3.1339606588864592
gusto,3.1337385624534653
gamut,3.1337333947061956
humor,3.132511922178154
sleek,3.1322322583981155
women,3.1314109361850897
nasal,3.1313025496370086
exist,3.1311569029105044
crimp,3.1308062415824174
feign,3.1306664441568914
inner,3.130627983886346
group,3.1305273346182116
pouty,3.130133413031164
snaky,3.130080624485587
shift,3.1295949843418445
quart,3.1293119725629466
drink,3.129299416451392
whirl,3.1270194936337607
datum,3.126793640888174
duvet,3.126124808344383
retry,3.1253955788716477
moose,3.124715427687593
midge,3.1247132200748076
cress,3.1241654026879635
greed,3.12404699073458
truck,3.1232476686509694
vegan,3.1228329216870594
spank,3.1223486664330995
throw,3.12182800928783
frank,3.1210718651977616
elude,3.119463952361337
doing,3.1193140826237715
nudge,3.1192972599805344
roger,3.1187745469751538
above,3.1180895383693374
hence,3.11673682184567
thong,3.116559137563733
briar,3.116373700911751
tithe,3.1161147409742904
salad,3.115045449929949
vague,3.115028887059584
ratty,3.114812960079599
ebony,3.11448043243212
brush,3.1123320830277525
blind,3.111423710477176
goose,3.1114135788302777
ovary,3.110479064088042
color,3.110129463844521
plush,3.1099107630437324
drown,3.1092360610025507
apple,3.1089822184201976
flume,3.1080602306623017
valid,3.107791950130103
guild,3.10767957398368
lucid,3.1076684052094725
sigma,3.106883162743197
trump,3.1066807420722657
bigot,3.106372581536491
spicy,3.1060324429627126
apnea,3.10594444322446
stool,3.105327454215307
madly,3.1049939136656475
syrup,3.1039886240368992
omega,3.10386301304358
joist,3.103610406687672
theta,3.1032806678805804
mango,3.1032527603359488
cello,3.1028694564305597
femur,3.1026627711081107
aping,3.102561708977924
light,3.1023118796993643
quite,3.101711648350463
mouth,3.1015920862747817
tutor,3.1014174995546453
segue,3.1013068155643984
still,3.1012096758441823
posse,3.100326580750035
medic,3.1002682488253974
sever,3.1000225706917175
bravo,3.0993078317079874
legal,3.09882687738229
minty,3.098432317105114
deuce,3.098086110471103
shall,3.0964841050420207
alarm,3.096432634588051
tough,3.0955994183732867
lasso,3.0946765606428146
breed,3.094088295812231
birch,3.0939520911925875
prior,3.0938256377327975
clink,3.0931326233446015
tweak,3.0931021548484496
lanky,3.0930960061220008
bench,3.092653602877917
video,3.0907569299091078
pound,3.090479115248564
sauna,3.090158740134157
armor,3.0898708904739043
quote,3.089566240626839
hound,3.089120318015416
chalk,3.0886230737118914
input,3.0881381616934953
thrum,3.0881271797816994
badly,3.0880258627084265
slunk,3.0874138297358726
scrum,3.0872320350143996
shell,3.085695105156158
octet,3.0852243763308063
bring,3.084696805288054
handy,3.0843316919998487
admin,3.083778895519987
optic,3.0835086366123474
growl,3.0834915091147925
stint,3.083422099297309
clown,3.082846282943964
youth,3.082561630108174
shrug,3.0825222371676944
eying,3.0815659767713517
purer,3.0808842769137588
thing,3.0803116448470247
totem,3.0797528564781214
gorge,3.0795129231086324
polka,3.079052486829607
merge,3.078686903358972
spawn,3.0784501690034127
ditch,3.078265643791133
blank,3.0777001115496114
pitch,3.077287988455965
carry,3.075893415729417
doubt,3.0757632128449237
creek,3.074271013930363
renew,3.0738748897127137
scowl,3.073595097124664
zonal,3.0734000992712946
knave,3.072736679574321
scamp,3.072000746857514
crowd,3.0715546476187123
stock,3.071013833005556
stick,3.070982971921379
favor,3.070554372892862
sorry,3.069186508248032
brisk,3.068819017272723
build,3.0684562809902585
ghoul,3.0682516734200767
lunch,3.0682357213847355
fetch,3.06716916673169
droll,3.0669203679462997
stomp,3.0665973309997985
among,3.066138273912327
covey,3.065653516336258
burly,3.064917868022185
drool,3.064384980868004
bonus,3.064008427971486
morph,3.063020619178875
class,3.062842895317126
filth,3.0625694025507038
given,3.061993780413879
etude,3.061799588353738
perky,3.061699520413715
smirk,3.061520917032463
leech,3.0611354300145557
local,3.0602696653069845
rally,3.0597778724926084
below,3.0591342072314105
sheep,3.0582404261059755
welch,3.0581835075566066
sally,3.0581569982231622
heavy,3.0580135345621318
stung,3.0575496888546634
arbor,3.0573664766063646
diode,3.0571329433319208
tying,3.056479893576308
piper,3.0560094618211653
tally,3.054759836760349
drill,3.0547202034703216
cache,3.0537349287294466
watch,3.052920083199898
revel,3.051295770543538
joint,3.0510305870057715
bribe,3.050656417514022
troop,3.050340360836296
recur,3.0500443738732628
silky,3.0494271913887117
friar,3.048568143177481
sieve,3.0482438368220883
minus,3.048085045489003
prick,3.04753225508346
strut,3.0473083955578337
dress,3.047220983242977
flask,3.0448267271083207
tenth,3.0445841829684497
obese,3.044251718852299
lofty,3.0440383132071505
harsh,3.043244217187891
slash,3.042704419457928
wagon,3.0426875684771924
newly,3.042632145454783
twang,3.041788910123587
shack,3.041159212184372
fancy,3.040757237428788
grimy,3.0392061916798188
human,3.038707136973538
cumin,3.038589533828048
press,3.038336472351406
phony,3.036710090264659
pixel,3.0365384711022485
nobly,3.0365302309028155
ruder,3.035627837511658
theme,3.035304205908661
spell,3.0346471055552593
mound,3.034075550215902
think,3.033908815287675
circa,3.0324984832829105
extol,3.0316132973987235
brink,3.030620563082489
pivot,3.0296891568567887
canon,3.029412229889987
speed,3.029072573578042
lever,3.028889534267926
macho,3.027226255646331
woman,3.0269017947564896
aroma,3.0264304042239325
tacky,3.0253125906502625
wrong,3.025145307347064
reedy,3.0245694772957186
quest,3.024240793952863
blush,3.0239785615078003
study,3.0229712957734503
libel,3.0229440832453576
freed,3.022397180043242
grown,3.0220866131197357
dingo,3.0217173789522116
pinch,3.021427031231345
risky,3.0194235470773463
dusty,3.019370720965942
wooer,3.019033424813956
shaky,3.0180882535231364
shrub,3.017522226670268
lorry,3.0172869147999215
nerve,3.0171320835245674
adage,3.0161020433620904
botch,3.016091515313676
godly,3.0155621843125937
hymen,3.0155331590398946
newer,3.015464782795297
wrack,3.0149399474453196
wench,3.014725049393778
scrub,3.014590406700855
clung,3.014294835732031
vowel,3.0138316337180955
lying,3.013483548451131
knife,3.0134017591797075
vigor,3.0132898302812627
donor,3.013205150564567
ledge,3.0129168333303067
shoot,3.0125202765146786
stunk,3.01211026157145
bleed,3.009983933751487
gravy,3.009732547015488
slump,3.0095516531122906
squat,3.0093692645718026
cross,3.0090482111439187
magic,3.0089794256544344
tryst,3.008587598139422
motif,3.0081385446107145
froze,3.0077044582227312
virus,3.0064983164068946
jaunt,3.006318055394163
sooth,3.0052312506962027
shown,3.005100980146209
juice,3.004994466129533
fluke,3.004417460315436
bound,3.0039620126215243
night,3.0034424433599987
pouch,3.0028359933082203
tenet,3.0026706999431196
avoid,3.0018599949253457
flank,3.0015257601332332
tasty,3.000930196661828
boxer,3.0002955339562765
ahead,3.0001564519460535
vogue,2.999771854817258
hydro,2.9995111384445
brown,2.999345727349306
frisk,2.99879262965953
where,2.9986717040799236
gauze,2.998536033451851
begun,2.9985178855057106
balmy,2.9984280165748185
hello,2.9981000767849246
grass,2.997647280387218
wring,2.9974439506337416
mogul,2.996141943513553
motor,2.995844436294378
seven,2.9957583385579483
small,2.995595237694379
testy,2.995551276814123
dozen,2.995525661967608
kneel,2.9952685122573746
imbue,2.994544909708828
swami,2.994319884332663
exult,2.9942795208298048
beget,2.9934325835633806
truss,2.993261853855045
heave,2.992853024799183
snowy,2.9922921186950235
woken,2.9916329477113592
black,2.9912665410576307
honor,2.9912159280814494
mocha,2.9910524743076174
speck,2.9910398516199264
scuba,2.9909373833150905
toxin,2.9903638115378635
drunk,2.989982654697524
fence,2.9898010485357585
seedy,2.989427154923427
smell,2.9885822960136394
stout,2.9875551159103577
crazy,2.9871249079427202
pasta,2.9867724214779527
unfit,2.986574156044162
loyal,2.986573180319288
zebra,2.9864595404085597
sooty,2.9855938645930076
vomit,2.984797935257657
bayou,2.9842657972846407
alloy,2.983877669699474
crump,2.983545046485622
dryer,2.9834758863772537
grill,2.9834007810495686
aphid,2.983258322275067
parry,2.982346705671992
rower,2.982038974614514
amply,2.981625937742676
axion,2.9815876822870275
venom,2.9812907810106117
smack,2.9805939960981336
enema,2.9802754438496275
agape,2.9802086060889934
mangy,2.979262222691518
would,2.978804225057785
weigh,2.9780530417742375
major,2.9774045435643908
wreck,2.976968273715089
ivory,2.9759851142344416
gaudy,2.975153925950326
dimly,2.975101348152009
pithy,2.973382012621939
gauge,2.973378044143507
askew,2.9731059553493746
foamy,2.972334050127866
eerie,2.9721502271658946
equal,2.970910794047493
defer,2.9705881198633843
musty,2.96991083899304
album,2.969164729434355
bleep,2.968488900642969
lilac,2.9682884056568617
banal,2.9678549999910007
moldy,2.9676753099893816
music,2.967587093614188
gusty,2.9668533162317123
brass,2.966466411380911
elbow,2.9662731213934475
unfed,2.9650274216267762
colon,2.9648315374120857
robot,2.962649898255312
budge,2.9609518880452117
never,2.9597082002242328
brick,2.9592968552072656
radii,2.9583082280092152
hefty,2.9579215674474915
basal,2.957628993138404
woven,2.9575142323885677
harry,2.9563043722116413
cough,2.955428111323248
rumba,2.954624377229718
whelp,2.954605203800203
wordy,2.9544086290217253
dowry,2.9543224130654497
await,2.9542576404107463
detox,2.9530042656363027
agora,2.952749379681971
seize,2.9526120909881737
forum,2.952178242564183
fluid,2.95176843465325
endow,2.9506216719461973
flush,2.949503816413474
joust,2.948994926360152
dutch,2.9489451368416297
bible,2.9474754686681233
stash,2.9473649095998287
fella,2.9470152392830555
ought,2.9466415933844723
revue,2.9459458746338085
catty,2.9455688863540344
rigor,2.945409904029337
quail,2.9445231734275708
rocky,2.9438880369985005
swift,2.9437395135491453
cacti,2.9428483233345526
champ,2.940747394961442
lynch,2.9405781273201415
fatal,2.939401538344553
borax,2.9384884705613294
helix,2.9384375008180585
arrow,2.93803412267578
quilt,2.9376371415199434
climb,2.937139748466666
sloop,2.9369737413180004
unwed,2.936690092921062
aglow,2.9360780108563937
frown,2.935537514056684
truth,2.935510140240157
dogma,2.934254033188024
iliac,2.9342189580593923
butte,2.9331400194481914
found,2.9324404252148923
stunt,2.931908886799685
rover,2.9300427172589028
dross,2.929614578239587
gipsy,2.9294534471278633
odder,2.929118569850265
using,2.9288699832252387
oxide,2.928646057380335
rarer,2.9282739333328967
blink,2.9280325084408485
stuck,2.9279906228503165
privy,2.9272221347263825
issue,2.926899496909907
boost,2.926198608451783
attic,2.9259739897511703
taboo,2.92450890961935
limbo,2.9229932923928637
glass,2.922750255677034
marry,2.922293014448499
spool,2.9218158972618764
spill,2.9210825426569107
silly,2.9208947421473495
bingo,2.91938353201604
empty,2.9185419069806677
thick,2.918351676547652
merry,2.918084236943451
stump,2.9170226944476534
flack,2.9154489732010447
sense,2.9148302903825747
waxen,2.914179434768195
river,2.9140408778621367
topaz,2.913783386520552
havoc,2.9128734174912463
young,2.9124634024454483
umbra,2.911526097176173
slosh,2.911015854824026
wound,2.910996373604253
mania,2.910926607924927
drama,2.9106228308185726
shock,2.9105261207346174
wharf,2.9094894950233567
sulky,2.9088012430527077
wheel,2.906801642722918
cabal,2.9060605952399006
evade,2.905679305301524
fling,2.9053204673261708
fixer,2.9042701423852058
flail,2.904040633312832
pesky,2.9035325133216916
eking,2.903010883688631
again,2.902205225651474
annul,2.90184794070967
frock,2.901334975559911
envoy,2.9011864665357607
moron,2.9005280533885482
essay,2.8997029398999588
mulch,2.8996302353997634
snuck,2.898914905898036
punch,2.898671057403685
dwarf,2.8976125959772805
rowdy,2.8955031756233915
tweed,2.895490085588851
dough,2.89407074975618
witch,2.8933422845970513
stood,2.8920036544195664
gecko,2.891948903692397
gulch,2.891221211272067
blown,2.890788306626629
fudge,2.890382839149888
crumb,2.8896593773454824
gooey,2.8893953375309844
coach,2.8885764716023914
swell,2.8885515371706214
berry,2.8865175762541466
koala,2.8864490226396686
focus,2.8850794306361007
dingy,2.8850763301976228
valve,2.8845789266968964
might,2.8842516960349625
fleck,2.882713283123092
vapid,2.8813395138709565
verge,2.8810975977467965
frill,2.881026195897942
swing,2.880789179733184
floor,2.8786765444793323
cycle,2.8783921106303745
zesty,2.876697943111779
quota,2.8760985386520668
showy,2.8760281401745305
clump,2.875919091025902
opium,2.87525545562931
elegy,2.871374448444507
plunk,2.8703454766619556
swamp,2.869949967301735
bless,2.8674418615861645
afoot,2.8644652030497033
adapt,2.8629897634337187
vinyl,2.8617105218608376
itchy,2.8613159667988732
canny,2.8600749370645104
delve,2.860069632559677
finch,2.8598086335246133
gross,2.8594581656468163
ditto,2.8594470488175054
block,2.859133354868889
edify,2.858416442151424
venue,2.8552134480866784
patty,2.854794084548276
needy,2.854722948212638
sweep,2.8535436840890807
butch,2.8529090139854842
gouge,2.852282414706357
wrung,2.85191595590917
stoop,2.8505570584757955
catch,2.8501853904119803
dying,2.8493962628743756
sixth,2.848055779038888
flaky,2.8479026927801496
debug,2.8475016320683073
width,2.847353659094601
joker,2.8471013760912287
annoy,2.8458314850768907
dally,2.845499996737544
event,2.844163141739108
pique,2.8440112653857708
petty,2.84357227632746
smock,2.84349150634774
spoon,2.8424737246437193
winch,2.8420145142315607
exile,2.8412737757470152
munch,2.841154935760096
toxic,2.8408431442489297
mecca,2.8406875737264725
droop,2.840481692681718
conic,2.8401447108343376
ficus,2.8397804152636237
ember,2.839732816381061
chill,2.8381949988445205
sixty,2.8373226650990606
aloof,2.8370181742714347
blimp,2.8369190282410908
larva,2.835660074660144
krill,2.8355144157522343
snoop,2.8322821485511085
weave,2.831994170921534
downy,2.831791238578467
query,2.8314149582154915
spunk,2.830664107643635
exert,2.828509805791405
whiny,2.8275103124126857
hedge,2.8270573128121463
avail,2.8265129214328644
spiky,2.8247129534084543
druid,2.823745798144156
upper,2.823636249286026
rumor,2.8233715073850565
udder,2.822618850713399
curvy,2.822349148262983
limit,2.822290651180217
flown,2.820759696522668
quasi,2.8190558617431623
index,2.8181850409566813
usual,2.8175751386791896
idiot,2.8162632452279195
award,2.815024751344035
junta,2.8145400071305313
humid,2.8138482144803922
ferry,2.812789549345749
bunch,2.8085356083180137
dodge,2.808520733517967
amiss,2.8056082864050738
quake,2.8047489523280333
fritz,2.803851523445772
tibia,2.80273765337307
imply,2.8025572166487525
augur,2.801986391804499
crack,2.8019600390527186
pluck,2.800633510732495
basis,2.7999822301022377
bough,2.797176004930968
quash,2.7950130870837637
brood,2.793607682899896
beech,2.793483729143442
hatch,2.7931611395080065
chess,2.792938413149806
thump,2.7902932919429486
owing,2.7899817227116017
curry,2.787049357827966
gloss,2.786700756130465
fewer,2.784033122025344
smoky,2.7839547108124254
unify,2.7838544859180847
filmy,2.7831640151010304
kneed,2.783006755600309
sully,2.781270104942532
flock,2.781144968492281
flick,2.779683798767154
pagan,2.7792953693027163
pushy,2.778206435949803
fight,2.776653532910026
bylaw,2.776014850069625
union,2.7740810768865063
allow,2.774023858074762
swill,2.7730539175400413
furor,2.7726453659004
twist,2.772241139330162
shuck,2.7713858961225735
crook,2.7713490095346467
batty,2.7694981127683875
pubic,2.7694504071135184
alibi,2.7692259727135276
milky,2.767863588793971
waltz,2.7666732235957356
pinky,2.7661675917007607
abbot,2.764256201704549
vouch,2.7638335251750332
slush,2.763243105337213
parka,2.7623982484282665
flung,2.762342650454599
ionic,2.7615694140807934
proxy,2.7612123835048927
blitz,2.7610629121937835
windy,2.7600980673022075
bevel,2.7591142230052816
awful,2.757370230094936
wight,2.7570467909071215
cheek,2.756803836426063
fishy,2.7565748948625886
bliss,2.756397154871235
awake,2.7551002532680404
modem,2.755035600815345
avian,2.7543054379180902
guess,2.753868772432892
axiom,2.7536084405129166
skill,2.753049234204127
roomy,2.752079794704925
condo,2.7507189061304325
ninth,2.7505277597754336
rugby,2.7504639665667336
pupal,2.7503388582393717
penny,2.7481072629561196
enemy,2.748038239150951
wispy,2.7473135903008186
undue,2.7472750812747826
junto,2.747216774220878
teddy,2.7446096365982404
squad,2.7439206583654308
belly,2.7429078306972396
razor,2.742790595058418
queer,2.7412890401200403
occur,2.7405336927709048
lumpy,2.7391191336493375
folio,2.738761590240844
dolly,2.73841971885575
gassy,2.738201261759947
rotor,2.7381872275689356
ennui,2.7379569685667313
teeth,2.737945466544858
naval,2.737777517543297
tepee,2.7373712376983144
gaffe,2.737179611042711
smash,2.7351914524465033
chunk,2.733881787348318
mushy,2.7308737416976747
offer,2.7290726276276915
sappy,2.727764276361055
fever,2.7267010166902623
abbey,2.7260542874906317
rabbi,2.7260379784620548
swung,2.7256210067190514
murky,2.7250465575405602
glyph,2.7229548874733043
photo,2.7192565099880746
array,2.7184484071651793
groom,2.718118227658515
error,2.7179944246867924
scoop,2.7165634699737815
skimp,2.7164101945909023
alpha,2.7160454593766103
awash,2.7158493057863486
ditty,2.715510181319362
belle,2.714293789338677
qualm,2.7133226264226846
theft,2.713282651690924
every,2.7123214196056296
holly,2.710773715852175
banjo,2.7105167863174846
freer,2.7102517262077757
vixen,2.708994459689798
dilly,2.7077913775371765
fauna,2.707528191716677
booth,2.707223347037278
radar,2.707073175913206
penne,2.706756323221129
enjoy,2.706248261369235
quoth,2.705573126373541
dandy,2.7053482017634205
flunk,2.701671982571426
chili,2.7011969768751043
clack,2.701156017226529
sunny,2.700582702442444
loopy,2.700454425916529
comfy,2.7004344494619223
lucky,2.6996277768150665
swoon,2.699450849740994
fatty,2.6972428854384445
melee,2.6944274938664305
worry,2.6942274693451416
conch,2.6931986531373555
quark,2.693020271796244
bushy,2.6929799700007804
coyly,2.6924725723874947
going,2.691924724042714
blood,2.69146320568537
thumb,2.690212943927077
booty,2.687020765656583
broom,2.6829956733841116
hilly,2.6825453367812644
nylon,2.6812795358814716
golly,2.680572670400407
outdo,2.6800946213995056
pupil,2.6800852066891934
staff,2.6799003286466156
salsa,2.6789354968317194
spasm,2.6776902283561643
dwell,2.6766689769707455
geese,2.67630033921084
whisk,2.6760477088835546
hurry,2.6756810803945443
floss,2.67478484863401
proof,2.673973363640388
duchy,2.67049597053962
plumb,2.6704918965501006
karma,2.6672402444918406
crock,2.6668183576342703
aging,2.665625139164646
bawdy,2.665145095001943
knoll,2.662992033493269
fungi,2.662949446271277
villa,2.662739262785093
wedge,2.661945773737918
annex,2.66184261818685
rigid,2.660604606539284
crick,2.658891949599842
picky,2.65880300148459
gayly,2.6566783324939354
whack,2.6558700452336517
chump,2.6530130044218465
icily,2.652978852058579
apply,2.6518935764458242
comma,2.651235089960951
toddy,2.6490978713351754
digit,2.6489471926714816
vodka,2.64610398982431
manga,2.6453674934532807
axial,2.644813720651417
nutty,2.6443151736992765
dryly,2.6438158580435913
hitch,2.6417662371743647
cinch,2.6392869271114865
dusky,2.6382081292377766
queen,2.6372648019767135
caddy,2.6362324365419716
ozone,2.636130886520235
refer,2.6349387633216796
leggy,2.634177176553754
pooch,2.63392575095519
swash,2.6335522984332753
equip,2.6331951953764268
igloo,2.631996896598201
tabby,2.631363144227372
lymph,2.6308825675011516
epoxy,2.6294780110962708
husky,2.6293509498060974
visit,2.628477190736752
bitty,2.627163093780158
hunky,2.626950124995635
tight,2.6256434729262446
amaze,2.625498333752513
wacky,2.6241746425550487
gloom,2.6235364980242624
mossy,2.622009063482065
couch,2.6206382083987343
tweet,2.619619147111893
timid,2.6186816245603035
howdy,2.6170423705730252
lipid,2.6154439707318704
outgo,2.614518704983774
jerky,2.614257642372466
excel,2.613530793340829
comic,2.612131479780169
judge,2.6114345941161843
billy,2.610764008546844
blurb,2.6105132963252573
flood,2.610151831852
fanny,2.608259303738489
pudgy,2.607889420024972
skull,2.605193949373136
weedy,2.6026922592758774
brook,2.6019199937362303
kiosk,2.6016371169031323
wooly,2.6012629808939107
embed,2.6007578525090134
eject,2.599565196936496
uncut,2.5993777122326494
bezel,2.598410129996357
vying,2.5983347157056507
missy,2.5966565122105623
bulky,2.5964145119157913
shook,2.5903324360943065
musky,2.5838410987717477
bossy,2.5830405978519644
bloom,2.5799291739551187
mafia,2.5794817180803036
forgo,2.5791965097846346
quirk,2.577590098880776
soggy,2.576749036636694
dumpy,2.575989777709108
evoke,2.5748874727746114
dully,2.5724326205729913
sushi,2.5717460345148324
thigh,2.5687117043821805
usurp,2.5680049249418597
gumbo,2.5673887636347623
putty,2.566288608680865
offal,2.5653326610864347
folly,2.564536831993977
clock,2.563719822464348
click,2.560217690420049
shyly,2.5581976970289664
juicy,2.5570618427253193
polyp,2.555417709941733
cynic,2.554870223946207
rajah,2.5545350496436714
taffy,2.553609392874519
fjord,2.549479441379014
allay,2.5477056214308247
stiff,2.5474745186798144
idyll,2.5397285041371975
paddy,2.538909178776526
expel,2.5386227579193577
geeky,2.538489405776558
furry,2.5369556891115486
civil,2.535159107324833
witty,2.5340691163387667
beefy,2.5340440635968697
nymph,2.5339642227697285
myrrh,2.530882473208805
wimpy,2.5307393381112377
spook,2.529466030556146
filly,2.5294186410131387
kebab,2.5285552940984175
cacao,2.527767625558086
gawky,2.5271801502556235
sniff,2.5254482085511487
swoop,2.521046876880948
willy,2.518267498810006
hutch,2.5162074488351287
abyss,2.5160636631593385
level,2.515625850071739
ruddy,2.512203327919972
kitty,2.511629513557805
gully,2.5107049375335446
undid,2.5092993111381485
lupus,2.5090570602581024
lowly,2.5090290482086717
bosom,2.504662642593068
cliff,2.5046615656358484
spoof,2.5024773516290706
swish,2.500513021179123
goody,2.5003268636955953
tooth,2.4996957315640156
cabby,2.4995630909759283
hussy,2.4986873346409952
knack,2.493172828116998
bongo,2.4931594622899107
pixie,2.4931379675715473
moody,2.492426901477804
juror,2.4903066950147714
oddly,2.489594892431459
squib,2.4871359552309102
inbox,2.4857449343780273
hippo,2.485585338136872
savvy,2.4850111531716172
quell,2.4848096705154905
happy,2.4843278974075824
funky,2.4770175301431823
fugue,2.475918255691615
macaw,2.4751158410595133
booze,2.4740038535369986
verve,2.4731339638155947
papal,2.4721679865510664
idiom,2.4692898289141954
hunch,2.4691576533121546
skulk,2.468046793946791
bully,2.4669368831860097
jewel,2.4665800749683755
mucky,2.4648856075909267
mambo,2.464876742925517
quack,2.4638060389961134
lobby,2.463725748651564
tatty,2.4624414479585592
wryly,2.4617120802848906
llama,2.4576283796952723
unzip,2.4558376471503154
icing,2.4503963861657843
plaza,2.4481692142653486
emcee,2.4461972972909174
aback,2.4370175441135467
cocoa,2.435193126731265
pulpy,2.434965691209737
onion,2.4289020461627233
ovoid,2.426913775222413
chaff,2.4222277004442794
cubic,2.4222179045381185
guava,2.4155596967434763
scoff,2.415121534020819
fifth,2.414948493829066
cluck,2.4109911503581647
livid,2.404985805791461
check,2.4045505558265265
jetty,2.4034056699174386
fifty,2.3994328468001944
khaki,2.398829663749351
stuff,2.3959083956375684
fully,2.394915341478535
skunk,2.3936225389618717
jelly,2.3908942338198704
plump,2.3867721882208577
bunny,2.384932830004803
amass,2.3837127441212425
assay,2.3827983780550954
baggy,2.382400918389435
dodgy,2.381743972304685
woody,2.374332077021141
quill,2.371378891636319
snuff,2.3706627525252073
knock,2.368567684536608
vigil,2.364126972280395
motto,2.3545014741983605
fussy,2.3474416195191656
quick,2.3473560614006304
mucus,2.344022723927387
sassy,2.3435500340493673
hippy,2.3426827678052056
widow,2.3394125938969887
goofy,2.337848877542192
giddy,2.3315025020280804
whoop,2.3309852178367674
chock,2.3226631750674147
gruff,2.31393466840896
funny,2.3118318799619937
piggy,2.3111995479084744
chick,2.3071154471980604
biddy,2.307100783743981
nanny,2.302808707193022
ninja,2.3013154611303066
which,2.2936266725342165
kinky,2.2887624258634625
buxom,2.2883046748192672
humus,2.287556958669682
jolly,2.285858933879188
hobby,2.2760976704165787
slyly,2.250330866596843
femme,2.2466996568906197
dowdy,2.2310131922919885
maxim,2.2290105031289693
gypsy,2.223521171172944
sissy,2.198880671807901
madam,2.195565536978727
muddy,2.1952115948135873
foggy,2.194586228871587
dummy,2.1910451806950566
skiff,2.1888076643905223
known,2.1851665175264845
jumbo,2.177410688165277
twixt,2.1698307789917406
bluff,2.16804998879036
chuck,2.16778766698971
buddy,2.1672574005469576
guppy,2.1590188491668876
humph,2.149544324270089
ninny,2.139870136263225
gummy,2.127804764112101
jumpy,2.1195107861516007
shush,2.108626929565981
pizza,2.106399412164696
daddy,2.0969715263846735
minim,2.093206364830577
buggy,2.089278882337113
queue,2.0838218294871966
gamma,2.075644507426689
magma,2.0673238473230646
boozy,2.0551988239985306
puffy,2.0380986596124218
kayak,2.0302860902387767
whiff,2.0189268724484446
mammy,2.007636419743358
booby,2.0065846050171317
affix,1.9893913639520444
kappa,1.9715062137888202
woozy,1.966050642449859
pygmy,1.9654974169745916
mimic,1.9536559324257656
poppy,1.948954430048864
dizzy,1.9127046722462635
civic,1.856154919903553
bobby,1.8075037646473673
fluff,1.7784699871465994
puppy,1.7762370609649207
vivid,1.7515818190597163
jiffy,1.738482809541832
fizzy,1.7376200541530065
mummy,1.7187343783316094
mamma,1.66259681152527
jazzy,1.6005304795094344
fuzzy,1.598213185879084
